datetime,count
2011-01-20 00:00:00,18.996234617633085
2011-01-20 01:00:00,6.048114534931648
2011-01-20 02:00:00,3.9208740159198103
2011-01-20 03:00:00,2.844227260507556
2011-01-20 04:00:00,2.3345992694933724
2011-01-20 05:00:00,10.037808724874239
2011-01-20 06:00:00,42.63111863605271
2011-01-20 07:00:00,98.32515033305576
2011-01-20 08:00:00,221.8575987017934
2011-01-20 09:00:00,119.03479140325882
2011-01-20 10:00:00,59.736945527500914
2011-01-20 11:00:00,66.55105023031898
2011-01-20 12:00:00,76.11810436183015
2011-01-20 13:00:00,73.52043092513922
2011-01-20 14:00:00,67.83140308337332
2011-01-20 15:00:00,76.09717275162869
2011-01-20 16:00:00,98.67224846338324
2011-01-20 17:00:00,180.52591070987214
2011-01-20 18:00:00,192.00417153577396
2011-01-20 19:00:00,142.6062079437463
2011-01-20 20:00:00,85.92854332347726
2011-01-20 21:00:00,66.28884591903484
2011-01-20 22:00:00,45.49459003840414
2011-01-20 23:00:00,30.4236919888067
2011-01-21 00:00:00,17.158350921787516
2011-01-21 01:00:00,9.244082748969072
2011-01-21 02:00:00,6.503773997182201
2011-01-21 03:00:00,2.31145769102246
2011-01-21 04:00:00,2.1664104848852412
2011-01-21 05:00:00,5.6443965172891355
2011-01-21 06:00:00,32.668210475030996
2011-01-21 07:00:00,72.47092017461583
2011-01-21 08:00:00,213.6394727703401
2011-01-21 09:00:00,110.9347247920813
2011-01-21 10:00:00,47.703185098415574
2011-01-21 11:00:00,57.443840660514944
2011-01-21 12:00:00,66.77082904794962
2011-01-21 13:00:00,58.35996225236208
2011-01-21 14:00:00,51.82827708099541
2011-01-21 15:00:00,61.140153173134806
2011-01-21 16:00:00,92.08033327245624
2011-01-21 17:00:00,148.59659885710496
2011-01-21 18:00:00,113.95121186829545
2011-01-21 19:00:00,74.12722527354381
2011-01-21 20:00:00,56.97114093596503
2011-01-21 21:00:00,40.58004485277776
2011-01-21 22:00:00,36.1381860369466
2011-01-21 23:00:00,29.672723017431345
2011-01-22 00:00:00,31.443053438293944
2011-01-22 01:00:00,16.644079367866983
2011-01-22 02:00:00,17.608938547807355
2011-01-22 03:00:00,6.379359902605969
2011-01-22 04:00:00,2.5643575522143722
2011-01-22 06:00:00,3.743232359979282
2011-01-22 07:00:00,10.276135265509357
2011-01-22 08:00:00,32.98145547229698
2011-01-22 09:00:00,52.492756986926935
2011-01-22 10:00:00,58.75298357154691
2011-01-22 11:00:00,73.67792407178668
2011-01-22 12:00:00,76.4215119057711
2011-01-22 13:00:00,93.588220312035
2011-01-22 14:00:00,103.65373844265308
2011-01-22 15:00:00,100.39938125763074
2011-01-22 16:00:00,81.63926833548764
2011-01-22 17:00:00,90.45214220243062
2011-01-22 18:00:00,56.50514502230379
2011-01-22 19:00:00,56.31323148885193
2011-01-22 20:00:00,32.893124468651834
2011-01-22 21:00:00,38.87846804299863
2011-01-22 22:00:00,26.908122688047083
2011-01-22 23:00:00,30.617946409297918
2011-01-23 00:00:00,41.22756196972028
2011-01-23 01:00:00,29.79327411409935
2011-01-23 02:00:00,23.933748165016652
2011-01-23 03:00:00,12.658718900766608
2011-01-23 05:00:00,1.5649316805260167
2011-01-23 06:00:00,1.9566598648923195
2011-01-23 07:00:00,5.67401197131199
2011-01-23 08:00:00,17.288017335260186
2011-01-23 09:00:00,30.402225049503247
2011-01-23 10:00:00,64.48649656549578
2011-01-23 11:00:00,71.9340771303962
2011-01-23 12:00:00,85.0755536644812
2011-01-23 13:00:00,87.98603004668439
2011-01-23 14:00:00,81.66379824660702
2011-01-23 15:00:00,80.34433805864798
2011-01-23 16:00:00,77.30573398876241
2011-01-23 17:00:00,68.3769740696178
2011-01-23 18:00:00,43.95922341760121
2011-01-23 19:00:00,33.5588902975072
2011-01-23 20:00:00,22.954446621038652
2011-01-23 21:00:00,19.643097509670625
2011-01-23 22:00:00,13.566202798565627
2011-01-23 23:00:00,9.246033488460087
2011-01-24 00:00:00,13.918407535545235
2011-01-24 01:00:00,6.084372898572797
2011-01-24 03:00:00,2.1620426296135182
2011-01-24 04:00:00,2.6828160569614603
2011-01-24 05:00:00,7.119279092738553
2011-01-24 06:00:00,30.83297100626264
2011-01-24 07:00:00,83.62184055769845
2011-01-24 08:00:00,182.90355988819448
2011-01-24 09:00:00,101.2307559922169
2011-01-24 10:00:00,38.88366701147831
2011-01-24 11:00:00,41.534014651662396
2011-01-24 12:00:00,51.717338794995975
2011-01-24 13:00:00,56.49541106111952
2011-01-24 14:00:00,51.63610896305092
2011-01-24 15:00:00,55.29118510283708
2011-01-24 16:00:00,70.00095988877797
2011-01-24 17:00:00,140.01766955249605
2011-01-24 18:00:00,138.4840037692427
2011-01-24 19:00:00,101.11193605013304
2011-01-24 20:00:00,61.830459400364596
2011-01-24 21:00:00,43.54266931631139
2011-01-24 22:00:00,26.929856471623282
2011-01-24 23:00:00,14.407763901246284
2011-01-25 00:00:00,8.303846806080847
2011-01-25 01:00:00,4.123311409355185
2011-01-25 02:00:00,2.3756710446369844
2011-01-25 04:00:00,2.3809384566526677
2011-01-25 05:00:00,8.086106302674581
2011-01-25 06:00:00,35.19015207380802
2011-01-25 07:00:00,105.34777948591827
2011-01-25 08:00:00,216.0752927198922
2011-01-25 09:00:00,103.6690088963178
2011-01-25 10:00:00,58.65636086119077
2011-01-25 11:00:00,66.20492924332274
2011-01-25 12:00:00,73.03870550302783
2011-01-25 13:00:00,74.23598856252774
2011-01-25 14:00:00,68.39638105730243
2011-01-25 15:00:00,72.52441633679202
2011-01-25 16:00:00,100.44412025650433
2011-01-25 17:00:00,206.09833441479685
2011-01-25 18:00:00,185.40077079088817
2011-01-25 19:00:00,125.86071025969349
2011-01-25 20:00:00,92.02550085454364
2011-01-25 21:00:00,65.41467051523216
2011-01-25 22:00:00,47.54124226641055
2011-01-25 23:00:00,24.669433545698045
2011-01-26 00:00:00,12.261228648169281
2011-01-26 01:00:00,5.49099718523499
2011-01-26 02:00:00,4.13682130004242
2011-01-26 05:00:00,4.642800229994063
2011-01-26 06:00:00,17.972832161596223
2011-01-26 07:00:00,55.321153193984266
2011-01-26 08:00:00,123.95333844706525
2011-01-26 09:00:00,59.84218964091171
2011-01-26 10:00:00,26.45704474219249
2011-01-26 11:00:00,22.46000315035996
2011-01-26 12:00:00,25.305812713877557
2011-01-26 13:00:00,25.908680463741668
2011-01-26 14:00:00,20.933347760670877
2011-01-26 15:00:00,24.79782993235919
2011-01-26 16:00:00,35.76416317444965
2011-01-26 17:00:00,73.0355502323332
2011-01-27 16:00:00,93.14539200245036
2011-01-27 17:00:00,169.53667395171115
2011-01-27 18:00:00,174.12363836881946
2011-01-27 19:00:00,120.08762127030458
2011-01-27 20:00:00,100.48350827224354
2011-01-27 21:00:00,75.46572933017679
2011-01-27 22:00:00,58.65008771989874
2011-01-27 23:00:00,50.80104691161296
2011-01-28 00:00:00,14.912453942750211
2011-01-28 01:00:00,8.875681059640428
2011-01-28 02:00:00,5.288548700637067
2011-01-28 03:00:00,2.7429739224092633
2011-01-28 05:00:00,7.731418780998382
2011-01-28 06:00:00,27.5931490605081
2011-01-28 07:00:00,64.10489663975542
2011-01-28 08:00:00,173.1043410941528
2011-01-28 09:00:00,84.04333167276776
2011-01-28 10:00:00,40.96678474340099
2011-01-28 11:00:00,41.35385099595311
2011-01-28 12:00:00,47.95665513971235
2011-01-28 13:00:00,50.176264940213876
2011-01-28 14:00:00,42.12529313733908
2011-01-28 15:00:00,65.23537906429448
2011-01-28 16:00:00,99.41395627692819
2011-01-28 17:00:00,179.27146915225995
2011-01-28 18:00:00,160.26085930841188
2011-01-28 19:00:00,106.07591254368988
2011-01-28 20:00:00,78.74842810515729
2011-01-28 21:00:00,54.946390242951004
2011-01-28 22:00:00,54.6027553387378
2011-01-28 23:00:00,45.0384682876286
2011-01-29 00:00:00,22.582554965365578
2011-01-29 01:00:00,23.101628142025323
2011-01-29 02:00:00,20.236936774854055
2011-01-29 03:00:00,10.946789352858136
2011-01-29 04:00:00,2.2638099685637094
2011-01-29 06:00:00,3.5857478980267583
2011-01-29 07:00:00,9.792647881751321
2011-01-29 08:00:00,28.88358088847114
2011-01-29 09:00:00,64.32789553115806
2011-01-29 10:00:00,77.23458306733173
2011-01-29 11:00:00,61.29844572609277
2011-01-29 12:00:00,82.62203737112648
2011-01-29 13:00:00,102.5063425677942
2011-01-29 14:00:00,115.8484047509021
2011-01-29 15:00:00,112.51360076434753
2011-01-29 16:00:00,107.73520599128344
2011-01-29 17:00:00,103.38923595955497
2011-01-29 18:00:00,87.4777006390078
2011-01-29 19:00:00,69.11346935067026
2011-01-29 20:00:00,61.69143401156945
2011-01-29 21:00:00,54.3486467372261
2011-01-29 22:00:00,50.125751247604924
2011-01-29 23:00:00,45.935884864192445
2011-01-30 00:00:00,33.857649453291174
2011-01-30 01:00:00,31.242795069029498
2011-01-30 02:00:00,26.043037293093967
2011-01-30 03:00:00,8.610392622624369
2011-01-30 04:00:00,2.2660428838583013
2011-01-30 05:00:00,2.0661148371998674
2011-01-30 07:00:00,6.951611564640205
2011-01-30 08:00:00,21.35976518185236
2011-01-30 09:00:00,56.427554378203595
2011-01-30 10:00:00,86.0348896330969
2011-01-30 11:00:00,80.84162481031089
2011-01-30 12:00:00,112.76392371763129
2011-01-30 13:00:00,103.32470644385698
2011-01-30 14:00:00,109.26973607612508
2011-01-30 15:00:00,106.87559958059147
2011-01-30 16:00:00,101.22487043603947
2011-01-30 17:00:00,91.17587022651534
2011-01-30 18:00:00,85.71148369631555
2011-01-30 19:00:00,64.22365143058246
2011-01-30 20:00:00,40.65867326472352
2011-01-30 21:00:00,37.46887536046823
2011-01-30 22:00:00,29.069760740471388
2011-01-30 23:00:00,16.547581657380885
2011-01-31 00:00:00,11.774035766593451
2011-01-31 01:00:00,5.522514376726767
2011-01-31 02:00:00,3.5691776933002464
2011-01-31 03:00:00,2.734107017395017
2011-01-31 04:00:00,2.2126195837917217
2011-01-31 05:00:00,5.330557287481103
2011-01-31 06:00:00,28.711530767338658
2011-01-31 07:00:00,76.75978682458071
2011-01-31 08:00:00,185.3335329317175
2011-01-31 09:00:00,95.2256118145438
2011-01-31 10:00:00,44.57359981477126
2011-01-31 11:00:00,47.63759900932932
2011-01-31 12:00:00,66.73021164241023
2011-01-31 13:00:00,66.70840784744549
2011-01-31 14:00:00,46.580334342881756
2011-01-31 15:00:00,51.15583782669154
2011-01-31 16:00:00,79.38276263713941
2011-01-31 17:00:00,149.67823177838648
2011-01-31 18:00:00,140.45008418890427
2011-01-31 19:00:00,130.29801704510615
2011-01-31 20:00:00,58.29036382469957
2011-01-31 21:00:00,33.88288850865332
2011-01-31 22:00:00,29.53630659708068
2011-01-31 23:00:00,13.883315416582262
2011-02-20 00:00:00,31.401242437214854
2011-02-20 01:00:00,14.43642726304721
2011-02-20 02:00:00,17.343896527974668
2011-02-20 03:00:00,10.891800593923156
2011-02-20 04:00:00,2.890205713502483
2011-02-20 06:00:00,2.6840014643372894
2011-02-20 07:00:00,6.767597915488986
2011-02-20 08:00:00,23.855208013299734
2011-02-20 09:00:00,49.71207153268609
2011-02-20 10:00:00,78.65682805532987
2011-02-20 11:00:00,97.35113753990827
2011-02-20 12:00:00,129.14167039334387
2011-02-20 13:00:00,128.84815105239028
2011-02-20 14:00:00,115.16678925264566
2011-02-20 15:00:00,121.53433174813341
2011-02-20 16:00:00,112.57558811277325
2011-02-20 17:00:00,96.24369936320818
2011-02-20 18:00:00,78.36636519490813
2011-02-20 19:00:00,54.96384941920745
2011-02-20 20:00:00,37.21740735158785
2011-02-20 21:00:00,38.00763123531038
2011-02-20 22:00:00,29.917184660546653
2011-02-20 23:00:00,17.705876080644128
2011-02-21 00:00:00,16.846906421138044
2011-02-21 01:00:00,11.178501093161765
2011-02-21 02:00:00,9.644461467866737
2011-02-21 03:00:00,4.202687829451788
2011-02-21 04:00:00,3.2381115434486305
2011-02-21 05:00:00,2.4950642482563596
2011-02-21 06:00:00,6.181378017115348
2011-02-21 07:00:00,20.389736206008337
2011-02-21 08:00:00,65.5228318516666
2011-02-21 09:00:00,71.69391663432658
2011-02-21 10:00:00,82.05584653008822
2011-02-21 11:00:00,94.18174105322225
2011-02-21 12:00:00,105.12070097533781
2011-02-21 13:00:00,45.17437727592802
2011-02-21 14:00:00,73.77737501034977
2011-02-21 15:00:00,80.70186543028527
2011-02-21 16:00:00,62.661992908746655
2011-02-21 17:00:00,88.48881039451011
2011-02-21 18:00:00,57.892177981851916
2011-02-21 19:00:00,48.72915353998495
2011-02-21 20:00:00,36.2406604551028
2011-02-21 21:00:00,17.933165305488178
2011-02-21 22:00:00,16.766765104461662
2011-02-21 23:00:00,8.020872425239256
2011-02-22 06:00:00,21.11023240711109
2011-02-22 07:00:00,64.28004428333222
2011-02-22 08:00:00,161.6824223252416
2011-02-22 09:00:00,104.13709164055662
2011-02-22 10:00:00,38.403548875931826
2011-02-22 11:00:00,56.80063706623995
2011-02-22 12:00:00,72.6325064184644
2011-02-22 13:00:00,69.16130321548685
2011-02-22 14:00:00,62.50594095290775
2011-02-22 15:00:00,70.43307307558459
2011-02-22 16:00:00,91.2535513128787
2011-02-22 17:00:00,190.74639225767342
2011-02-22 18:00:00,169.68734017912553
2011-02-22 19:00:00,90.60062147544394
2011-02-22 20:00:00,63.4542321294599
2011-02-22 21:00:00,44.95594174287976
2011-02-22 22:00:00,31.12147472564319
2011-02-22 23:00:00,19.859136189185996
2011-02-23 00:00:00,10.191372730668714
2011-02-23 01:00:00,5.195461667214279
2011-02-23 02:00:00,2.463132114805874
2011-02-23 03:00:00,1.9703650432771016
2011-02-23 05:00:00,6.335890215189641
2011-02-23 06:00:00,28.56969151616283
2011-02-23 07:00:00,88.3496041586599
2011-02-23 08:00:00,206.5073155453413
2011-02-23 09:00:00,98.6670295082405
2011-02-23 10:00:00,58.25871436469683
2011-02-23 11:00:00,57.45624852700437
2011-02-23 12:00:00,72.50192975546598
2011-02-23 13:00:00,76.17956192545533
2011-02-23 14:00:00,64.12232927890636
2011-02-23 15:00:00,71.92483647493589
2011-02-23 16:00:00,101.83451041024964
2011-02-23 17:00:00,192.3994729766118
2011-02-23 18:00:00,182.22350826784148
2011-02-23 19:00:00,119.42704887530653
2011-02-23 20:00:00,99.23237637097951
2011-02-23 21:00:00,62.7709775531687
2011-02-23 22:00:00,45.16102643069706
2011-02-23 23:00:00,22.393175895461056
2011-02-24 00:00:00,13.241462190782919
2011-02-24 01:00:00,7.08245385504123
2011-02-24 02:00:00,4.129139839506661
2011-02-24 03:00:00,3.1479830159160933
2011-02-24 05:00:00,9.842919828228316
2011-02-24 06:00:00,33.47439853496537
2011-02-24 07:00:00,98.74131478407972
2011-02-24 08:00:00,255.63369230939912
2011-02-24 09:00:00,109.17521287704844
2011-02-24 10:00:00,57.88641945313542
2011-02-24 11:00:00,76.33582005948887
2011-02-24 12:00:00,85.95255258083071
2011-02-24 13:00:00,81.10293214866694
2011-02-24 14:00:00,75.42962978261691
2011-02-24 15:00:00,82.17917310595297
2011-02-24 16:00:00,81.32670075460686
2011-02-24 17:00:00,172.8381713105267
2011-02-24 18:00:00,116.8163699826669
2011-02-24 19:00:00,63.53915993274764
2011-02-24 20:00:00,70.052544029499
2011-02-24 21:00:00,48.5603080902658
2011-02-24 22:00:00,25.07740922738448
2011-02-24 23:00:00,29.61863454829285
2011-02-25 00:00:00,5.55638686334231
2011-02-25 01:00:00,7.241859471997964
2011-02-25 02:00:00,6.589480968814039
2011-02-25 03:00:00,2.683399043849286
2011-02-25 05:00:00,7.356109580982875
2011-02-25 06:00:00,22.826036743580772
2011-02-25 07:00:00,69.48166666604804
2011-02-25 08:00:00,186.00087632037793
2011-02-25 09:00:00,67.91608362593044
2011-02-25 10:00:00,34.93699108379578
2011-02-25 11:00:00,86.32732117652687
2011-02-25 12:00:00,97.55820817673252
2011-02-25 13:00:00,91.93208159223076
2011-02-25 14:00:00,73.82985820978092
2011-02-25 15:00:00,114.68487310731074
2011-02-25 16:00:00,109.7261128138719
2011-02-25 17:00:00,197.14128442077134
2011-02-25 18:00:00,166.30290588753903
2011-02-25 19:00:00,110.01632184744098
2011-02-25 20:00:00,76.6793502062493
2011-02-25 21:00:00,62.86517058009894
2011-02-25 22:00:00,51.48623403548957
2011-02-25 23:00:00,41.01153785582558
2011-02-26 00:00:00,28.406571095098613
2011-02-26 01:00:00,18.385318219440048
2011-02-26 02:00:00,11.77796539305419
2011-02-26 03:00:00,8.84575156625823
2011-02-26 04:00:00,3.254972968244675
2011-02-26 05:00:00,2.4820460579949355
2011-02-26 06:00:00,4.823565588744105
2011-02-26 07:00:00,13.411765715815472
2011-02-26 08:00:00,35.24333102190574
2011-02-26 09:00:00,57.36384023830965
2011-02-26 10:00:00,83.34940214950137
2011-02-26 11:00:00,111.91165397996261
2011-02-26 12:00:00,133.5875980101473
2011-02-26 13:00:00,124.20989683015328
2011-02-26 14:00:00,123.7750982053645
2011-02-26 15:00:00,110.34882697686754
2011-02-26 16:00:00,109.64684573459834
2011-02-26 17:00:00,102.59380911168952
2011-02-26 18:00:00,93.05871032101827
2011-02-26 19:00:00,75.23380319606586
2011-02-26 20:00:00,56.91740815344002
2011-02-26 21:00:00,50.241059686125915
2011-02-26 22:00:00,40.94543895322832
2011-02-26 23:00:00,30.64225046539469
2011-02-27 00:00:00,20.018041476432543
2011-02-27 01:00:00,21.290060330335006
2011-02-27 02:00:00,22.216409344778814
2011-02-27 03:00:00,12.018071667069307
2011-02-27 04:00:00,2.982707498368453
2011-02-27 06:00:00,2.9051374728481534
2011-02-27 07:00:00,7.616126338901815
2011-02-27 08:00:00,23.93328862793945
2011-02-27 09:00:00,46.18504138158046
2011-02-27 10:00:00,85.09470005269897
2011-02-27 11:00:00,101.2034578537657
2011-02-27 12:00:00,215.97830144983263
2011-02-27 13:00:00,204.54042532426195
2011-02-27 14:00:00,199.0745119034123
2011-02-27 15:00:00,182.0263571368257
2011-02-27 16:00:00,161.86729089247697
2011-02-27 17:00:00,146.81112265169588
2011-02-27 18:00:00,129.3400240708047
2011-02-27 19:00:00,109.48813149607332
2011-02-27 20:00:00,85.9159050292107
2011-02-27 21:00:00,54.890017154053915
2011-02-27 22:00:00,37.59791801997888
2011-02-27 23:00:00,19.54974733509225
2011-02-28 00:00:00,12.200490244511357
2011-02-28 01:00:00,3.4858961794457715
2011-02-28 03:00:00,2.194219173530369
2011-02-28 05:00:00,7.035568784019947
2011-02-28 06:00:00,30.947484987402177
2011-02-28 07:00:00,86.59330147098153
2011-02-28 08:00:00,195.04820928117292
2011-02-28 09:00:00,132.42710796570717
2011-02-28 10:00:00,79.73344879844748
2011-02-28 11:00:00,82.64293668940171
2011-02-28 12:00:00,102.44811594410677
2011-02-28 13:00:00,36.209229942892165
2011-02-28 14:00:00,36.42164535874868
2011-02-28 15:00:00,34.46304844793695
2011-02-28 16:00:00,86.12186987286844
2011-02-28 17:00:00,113.57828249951507
2011-02-28 18:00:00,92.83076518285309
2011-02-28 19:00:00,46.69376525464164
2011-02-28 20:00:00,33.020958720489375
2011-02-28 21:00:00,49.9431212821887
2011-02-28 22:00:00,23.014260720199097
2011-02-28 23:00:00,12.710651829402297
2011-03-20 00:00:00,47.618581886672416
2011-03-20 01:00:00,27.16661944408693
2011-03-20 02:00:00,21.619956987134426
2011-03-20 03:00:00,12.581356743374581
2011-03-20 04:00:00,3.093940674993308
2011-03-20 05:00:00,2.5864012753275443
2011-03-20 06:00:00,3.518356115036612
2011-03-20 07:00:00,8.561251746389804
2011-03-20 08:00:00,26.144161187927857
2011-03-20 09:00:00,52.24495650664922
2011-03-20 10:00:00,90.89356392002875
2011-03-20 11:00:00,103.43135651860136
2011-03-20 12:00:00,121.18183686034429
2011-03-20 13:00:00,175.6334398576992
2011-03-20 14:00:00,198.70296563519435
2011-03-20 15:00:00,219.16106283483364
2011-03-20 16:00:00,191.28230245693956
2011-03-20 17:00:00,144.47698693587256
2011-03-20 18:00:00,101.12072753543117
2011-03-20 19:00:00,52.92677907766895
2011-03-20 20:00:00,41.0821461140899
2011-03-20 21:00:00,32.59660213970542
2011-03-20 22:00:00,26.993991752295784
2011-03-20 23:00:00,11.482021073952591
2011-03-21 00:00:00,21.56232976319411
2011-03-21 01:00:00,9.06054814097782
2011-03-21 02:00:00,4.8179327865899815
2011-03-21 03:00:00,3.3843732668067017
2011-03-21 05:00:00,11.60082827762068
2011-03-21 06:00:00,49.32917909683716
2011-03-21 07:00:00,90.98286494385783
2011-03-21 08:00:00,245.5114839433624
2011-03-21 09:00:00,106.86270710636546
2011-03-21 10:00:00,64.06982078586798
2011-03-21 11:00:00,98.80901943833457
2011-03-21 12:00:00,122.65847677829497
2011-03-21 13:00:00,142.82810434404615
2011-03-21 14:00:00,135.690471426526
2011-03-21 15:00:00,153.94775308672945
2011-03-21 16:00:00,201.07589072301533
2011-03-21 17:00:00,420.51148229527877
2011-03-21 18:00:00,386.21901248636595
2011-03-21 19:00:00,282.1354804947974
2011-03-21 20:00:00,239.83287690259553
2011-03-21 21:00:00,95.57551800948472
2011-03-21 22:00:00,92.16483079988488
2011-03-21 23:00:00,53.61395738978911
2011-03-22 00:00:00,30.723854204635398
2011-03-22 01:00:00,9.970299722491001
2011-03-22 02:00:00,7.144191576818751
2011-03-22 03:00:00,4.73165068904587
2011-03-22 04:00:00,5.22692946207254
2011-03-22 05:00:00,19.039209208630616
2011-03-22 06:00:00,91.95236235366914
2011-03-22 07:00:00,215.9533927063088
2011-03-22 08:00:00,360.0350679872619
2011-03-22 09:00:00,172.25465237809948
2011-03-22 10:00:00,106.78994109485663
2011-03-22 11:00:00,116.65217803184429
2011-03-22 12:00:00,146.38142922942316
2011-03-22 13:00:00,159.26977904929564
2011-03-22 14:00:00,142.80022794931526
2011-03-22 15:00:00,159.87313554001562
2011-03-22 16:00:00,218.12542434348975
2011-03-22 17:00:00,430.14963769172
2011-03-22 18:00:00,392.113883422385
2011-03-22 19:00:00,270.7888445014202
2011-03-22 20:00:00,188.6453063798871
2011-03-22 21:00:00,135.32134392153452
2011-03-22 22:00:00,98.84244359454897
2011-03-22 23:00:00,54.33011982632935
2011-03-23 00:00:00,20.47403966496045
2011-03-23 01:00:00,9.60896103626689
2011-03-23 02:00:00,5.92923812210457
2011-03-23 03:00:00,3.719873375153764
2011-03-23 05:00:00,11.605372657271769
2011-03-23 06:00:00,57.64302961344061
2011-03-23 07:00:00,120.91120795198225
2011-03-23 08:00:00,277.7028156943284
2011-03-23 09:00:00,131.4923642932799
2011-03-23 10:00:00,53.91022361512942
2011-03-23 11:00:00,61.90881560575401
2011-03-23 12:00:00,61.79778115538406
2011-03-23 13:00:00,50.86560455426003
2011-03-23 14:00:00,58.9486958499585
2011-03-23 15:00:00,75.67157424051157
2011-03-23 16:00:00,165.27766230240772
2011-03-23 17:00:00,334.09733867828834
2011-03-23 18:00:00,140.10600274363063
2011-03-23 19:00:00,104.92271344663655
2011-03-23 20:00:00,26.426070220026954
2011-03-23 21:00:00,19.476064923106488
2011-03-23 22:00:00,48.81348058091702
2011-03-23 23:00:00,16.481673115655916
2011-03-24 00:00:00,12.171534826203931
2011-03-24 01:00:00,6.164659866718331
2011-03-24 02:00:00,5.305059292189351
2011-03-24 03:00:00,3.976812092560685
2011-03-24 04:00:00,3.8829601134823633
2011-03-24 05:00:00,12.926596409932502
2011-03-24 06:00:00,56.40772570744841
2011-03-24 07:00:00,81.13347005623417
2011-03-24 08:00:00,112.67902970521958
2011-03-24 09:00:00,121.0613459369346
2011-03-24 10:00:00,47.15198096228458
2011-03-24 11:00:00,61.11094762441272
2011-03-24 12:00:00,92.6110130106798
2011-03-24 13:00:00,92.44541300352532
2011-03-24 14:00:00,84.6684273386283
2011-03-24 15:00:00,87.69921523007643
2011-03-24 16:00:00,122.8334629988705
2011-03-24 17:00:00,244.83200390997595
2011-03-24 18:00:00,219.408088383405
2011-03-24 19:00:00,179.127978239151
2011-03-24 20:00:00,123.7756523304161
2011-03-24 21:00:00,93.20449621009294
2011-03-24 22:00:00,80.1817318640832
2011-03-24 23:00:00,54.652335367152766
2011-03-25 00:00:00,22.676769727348134
2011-03-25 01:00:00,12.30932010566418
2011-03-25 02:00:00,5.150423040169436
2011-03-25 03:00:00,4.137413471113225
2011-03-25 04:00:00,4.268069753502778
2011-03-25 05:00:00,12.684724045652755
2011-03-25 06:00:00,60.82476876701502
2011-03-25 07:00:00,123.82111362933966
2011-03-25 08:00:00,291.7679128661795
2011-03-25 09:00:00,167.6168324449772
2011-03-25 10:00:00,93.50608330622511
2011-03-25 11:00:00,107.35332211016348
2011-03-25 12:00:00,128.8991886733471
2011-03-25 13:00:00,129.84075657953204
2011-03-25 14:00:00,118.25020297648545
2011-03-25 15:00:00,113.85067668001783
2011-03-25 16:00:00,160.71010946435226
2011-03-25 17:00:00,250.30680081624882
2011-03-25 18:00:00,228.04208989491752
2011-03-25 19:00:00,142.44215285420873
2011-03-25 20:00:00,109.67280589986645
2011-03-25 21:00:00,81.29957434292191
2011-03-25 22:00:00,59.96522724993437
2011-03-25 23:00:00,49.79376411263729
2011-03-26 00:00:00,46.103020162142904
2011-03-26 01:00:00,30.520567067134028
2011-03-26 02:00:00,32.372405049505005
2011-03-26 03:00:00,12.051802533331209
2011-03-26 04:00:00,5.644437001225082
2011-03-26 05:00:00,4.036938033110583
2011-03-26 06:00:00,8.994071693444015
2011-03-26 07:00:00,19.83901777617132
2011-03-26 08:00:00,71.01951625202288
2011-03-26 09:00:00,103.49087528046296
2011-03-26 10:00:00,140.92534602331767
2011-03-26 11:00:00,164.43698286174748
2011-03-26 12:00:00,218.273746720035
2011-03-26 13:00:00,206.44253272907335
2011-03-26 14:00:00,201.4010978504445
2011-03-26 15:00:00,207.86626764773513
2011-03-26 16:00:00,206.90174215434158
2011-03-26 17:00:00,178.6777859109259
2011-03-26 18:00:00,167.11739272939292
2011-03-26 19:00:00,113.15238335766641
2011-03-26 20:00:00,86.21010986587073
2011-03-26 21:00:00,64.08492665805979
2011-03-26 22:00:00,56.509928542176134
2011-03-26 23:00:00,48.283590046444786
2011-03-27 00:00:00,51.937914155014646
2011-03-27 01:00:00,41.82559469444376
2011-03-27 02:00:00,34.70866952378435
2011-03-27 03:00:00,14.001620291455932
2011-03-27 04:00:00,8.94218930660708
2011-03-27 06:00:00,6.4516304896741214
2011-03-27 07:00:00,13.355790788090832
2011-03-27 08:00:00,41.57941452767102
2011-03-27 09:00:00,86.35684340035554
2011-03-27 10:00:00,113.09819646392226
2011-03-27 11:00:00,154.9008775207975
2011-03-27 12:00:00,181.45016550531045
2011-03-27 13:00:00,202.57081868792028
2011-03-27 14:00:00,197.88430457461894
2011-03-27 15:00:00,196.39703927817462
2011-03-27 16:00:00,194.68464380771672
2011-03-27 17:00:00,167.073478295352
2011-03-27 18:00:00,138.20006449724443
2011-03-27 19:00:00,101.58596989810272
2011-03-27 20:00:00,75.07278714036903
2011-03-27 21:00:00,50.63576131210326
2011-03-27 22:00:00,40.32851881358863
2011-03-27 23:00:00,27.60831285096953
2011-03-28 00:00:00,13.239798845382722
2011-03-28 01:00:00,7.784827169156435
2011-03-28 02:00:00,5.227286932737084
2011-03-28 03:00:00,3.3333359878628936
2011-03-28 05:00:00,10.79043133873491
2011-03-28 06:00:00,49.20123408823859
2011-03-28 07:00:00,127.6873225292429
2011-03-28 08:00:00,267.883849531788
2011-03-28 09:00:00,118.66656509472206
2011-03-28 10:00:00,65.5254094646378
2011-03-28 11:00:00,70.01126572854855
2011-03-28 12:00:00,124.06773265627494
2011-03-28 13:00:00,100.0782098308356
2011-03-28 14:00:00,93.50650533424448
2011-03-28 15:00:00,93.66779058364644
2011-03-28 16:00:00,135.16683768966416
2011-03-28 17:00:00,259.58708038402716
2011-03-28 18:00:00,255.54022679309327
2011-03-28 19:00:00,202.8847220595311
2011-03-28 20:00:00,139.9273380893597
2011-03-28 21:00:00,99.14247408538871
2011-03-28 22:00:00,61.61927180128302
2011-03-28 23:00:00,28.899295368086797
2011-03-29 00:00:00,11.809759377200155
2011-03-29 01:00:00,6.909208304670066
2011-03-29 02:00:00,4.921845506078328
2011-03-29 03:00:00,3.4089888300451316
2011-03-29 04:00:00,4.0926416312460185
2011-03-29 05:00:00,14.883578207177003
2011-03-29 06:00:00,62.84488451492907
2011-03-29 07:00:00,154.465380850294
2011-03-29 08:00:00,238.9124245913424
2011-03-29 09:00:00,142.2088104898259
2011-03-29 10:00:00,79.13987955500357
2011-03-29 11:00:00,79.01712431977609
2011-03-29 12:00:00,122.85090687183352
2011-03-29 13:00:00,105.36455307819114
2011-03-29 14:00:00,93.96025629817521
2011-03-29 15:00:00,122.59761742886128
2011-03-29 16:00:00,191.43846548113055
2011-03-29 17:00:00,477.073456997683
2011-03-29 18:00:00,315.71820988550513
2011-03-29 19:00:00,205.8197329446137
2011-03-29 20:00:00,148.88139411116134
2011-03-29 21:00:00,94.29314349632816
2011-03-29 22:00:00,72.28501276450216
2011-03-29 23:00:00,40.15745625511406
2011-03-30 00:00:00,20.48753944092943
2011-03-30 01:00:00,6.139255523171381
2011-03-30 02:00:00,5.1133437170331115
2011-03-30 03:00:00,3.303242346066391
2011-03-30 04:00:00,4.025434266374928
2011-03-30 05:00:00,14.986101882696087
2011-03-30 06:00:00,67.90180324626576
2011-03-30 07:00:00,184.51447189477727
2011-03-30 08:00:00,309.856713404273
2011-03-30 09:00:00,152.81167945031737
2011-03-30 10:00:00,75.73879654497247
2011-03-30 11:00:00,80.1856471081515
2011-03-30 12:00:00,110.53724756057123
2011-03-30 13:00:00,96.56626795461827
2011-03-30 14:00:00,78.79728086155968
2011-03-30 15:00:00,41.82397348888704
2011-03-30 16:00:00,56.73524790284547
2011-03-30 17:00:00,139.65204229682794
2011-03-30 18:00:00,133.0219667131599
2011-03-30 19:00:00,102.34647406863611
2011-03-30 20:00:00,41.93291995141328
2011-03-30 21:00:00,59.57178520992874
2011-03-30 22:00:00,24.430488774864262
2011-03-30 23:00:00,16.69585724970313
2011-03-31 00:00:00,10.185236647789397
2011-03-31 01:00:00,6.6779410403512625
2011-03-31 02:00:00,5.4391898927733395
2011-03-31 03:00:00,2.968362729859888
2011-03-31 04:00:00,3.1627094039384067
2011-03-31 05:00:00,11.206702276023062
2011-03-31 06:00:00,36.67599971052231
2011-03-31 07:00:00,93.2617206603695
2011-03-31 08:00:00,241.2609998182639
2011-03-31 09:00:00,86.24084468054969
2011-03-31 10:00:00,39.600647396135216
2011-03-31 11:00:00,45.8131668681073
2011-03-31 12:00:00,53.27552719138641
2011-03-31 13:00:00,66.50141384242006
2011-03-31 14:00:00,60.07044492285492
2011-03-31 15:00:00,42.0946338471402
2011-03-31 16:00:00,93.50669512672229
2011-03-31 17:00:00,190.8084656929527
2011-03-31 18:00:00,210.2840576599707
2011-03-31 19:00:00,161.20412763782195
2011-03-31 20:00:00,55.950740499837075
2011-03-31 21:00:00,71.68941002885047
2011-03-31 22:00:00,33.935533268682676
2011-03-31 23:00:00,26.207034211577206
2011-04-20 00:00:00,34.15108879835377
2011-04-20 01:00:00,11.097608266123054
2011-04-20 02:00:00,7.817313653983194
2011-04-20 03:00:00,5.060656384896084
2011-04-20 04:00:00,5.515826724849955
2011-04-20 05:00:00,18.17413999928759
2011-04-20 06:00:00,91.87588390614076
2011-04-20 07:00:00,231.5502153087237
2011-04-20 08:00:00,444.45109046699764
2011-04-20 09:00:00,225.07481947634292
2011-04-20 10:00:00,118.68393454976452
2011-04-20 11:00:00,134.44664168834728
2011-04-20 12:00:00,176.92150498274447
2011-04-20 13:00:00,173.19368047382844
2011-04-20 14:00:00,153.22939323426118
2011-04-20 15:00:00,161.6702295607765
2011-04-20 16:00:00,250.8698457698519
2011-04-20 17:00:00,523.3784132123174
2011-04-20 18:00:00,484.5300171899232
2011-04-20 19:00:00,387.5790406961186
2011-04-20 20:00:00,280.6495919890974
2011-04-20 21:00:00,219.08767310204462
2011-04-20 22:00:00,157.901499933334
2011-04-20 23:00:00,81.02261763896745
2011-04-21 00:00:00,32.38576527337891
2011-04-21 01:00:00,17.427017228559993
2011-04-21 02:00:00,11.712021216756309
2011-04-21 03:00:00,4.618984836911312
2011-04-21 04:00:00,5.438143192703131
2011-04-21 05:00:00,28.457742123696782
2011-04-21 06:00:00,119.14278231486239
2011-04-21 07:00:00,208.11835578107662
2011-04-21 08:00:00,377.68593041471627
2011-04-21 09:00:00,181.47410251497098
2011-04-21 10:00:00,122.74106012930436
2011-04-21 11:00:00,125.12400245204714
2011-04-21 12:00:00,164.88896423095252
2011-04-21 13:00:00,167.29549898779428
2011-04-21 14:00:00,157.0175990653501
2011-04-21 15:00:00,187.0480238966893
2011-04-21 16:00:00,235.64504968427426
2011-04-21 17:00:00,449.2808787619697
2011-04-21 18:00:00,412.7544519586233
2011-04-21 19:00:00,288.2990376950865
2011-04-21 20:00:00,200.05834941543895
2011-04-21 21:00:00,157.74994248718474
2011-04-21 22:00:00,112.50839829203183
2011-04-21 23:00:00,88.22080266185516
2011-04-22 00:00:00,27.163547807806367
2011-04-22 01:00:00,12.364085583868862
2011-04-22 02:00:00,7.041036381773047
2011-04-22 03:00:00,3.9778449835275285
2011-04-22 04:00:00,3.8284653375230397
2011-04-22 05:00:00,13.929847363094815
2011-04-22 06:00:00,65.20441350489457
2011-04-22 07:00:00,138.77267751880578
2011-04-22 08:00:00,318.4272419578355
2011-04-22 09:00:00,141.8626742615792
2011-04-22 10:00:00,99.86481084629759
2011-04-22 11:00:00,97.11114515502281
2011-04-22 12:00:00,92.29368369684312
2011-04-22 13:00:00,57.260635641150195
2011-04-22 14:00:00,47.083365229093765
2011-04-22 15:00:00,58.77921282924792
2011-04-22 16:00:00,107.47465896585551
2011-04-22 17:00:00,115.42833960898321
2011-04-22 18:00:00,96.54613754361391
2011-04-22 19:00:00,74.82255369545089
2011-04-22 20:00:00,55.11037624964628
2011-04-22 21:00:00,53.19246108628507
2011-04-22 22:00:00,43.712969132319024
2011-04-22 23:00:00,52.79580876155901
2011-04-23 00:00:00,32.38262772167042
2011-04-23 01:00:00,35.009439736637084
2011-04-23 02:00:00,48.38817109037131
2011-04-23 03:00:00,19.77026777691114
2011-04-23 04:00:00,6.731199978177267
2011-04-23 05:00:00,6.160045786128781
2011-04-23 06:00:00,10.185063321230933
2011-04-23 07:00:00,13.922639901685207
2011-04-23 08:00:00,51.88326579598866
2011-04-23 09:00:00,66.78850040100296
2011-04-23 10:00:00,204.88613081792414
2011-04-23 11:00:00,234.05207743584586
2011-04-23 12:00:00,330.85981746311955
2011-04-23 13:00:00,263.1717458172404
2011-04-23 14:00:00,326.9100242742155
2011-04-23 15:00:00,318.89272631072396
2011-04-23 16:00:00,323.5411409148025
2011-04-23 17:00:00,301.4464017086624
2011-04-23 18:00:00,274.2241204273346
2011-04-23 19:00:00,197.1622872380548
2011-04-23 20:00:00,135.74417327303055
2011-04-23 21:00:00,122.1037862675508
2011-04-23 22:00:00,122.73808216162101
2011-04-23 23:00:00,106.52131854147565
2011-04-24 00:00:00,96.4740063141993
2011-04-24 01:00:00,82.59868682963126
2011-04-24 02:00:00,65.56942423637669
2011-04-24 03:00:00,24.09225666772697
2011-04-24 04:00:00,7.7558543567972835
2011-04-24 05:00:00,6.264253542801225
2011-04-24 06:00:00,13.147329009008525
2011-04-24 07:00:00,27.243133261501622
2011-04-24 08:00:00,43.310007232972445
2011-04-24 09:00:00,155.4964162788298
2011-04-24 10:00:00,266.39647051182624
2011-04-24 11:00:00,343.48237692043523
2011-04-24 12:00:00,450.5829665516182
2011-04-24 13:00:00,387.95978342507493
2011-04-24 14:00:00,418.33382769322634
2011-04-24 15:00:00,397.1625459570444
2011-04-24 16:00:00,427.139183659317
2011-04-24 17:00:00,382.5225572229449
2011-04-24 18:00:00,329.842742086951
2011-04-24 19:00:00,114.4122557698631
2011-04-24 20:00:00,78.96593078500094
2011-04-24 21:00:00,43.54139225404329
2011-04-24 22:00:00,24.418501551549422
2011-04-24 23:00:00,35.63233669215452
2011-04-25 00:00:00,18.3891593188719
2011-04-25 01:00:00,11.900571615432856
2011-04-25 02:00:00,10.759454902835667
2011-04-25 03:00:00,5.969083752911444
2011-04-25 04:00:00,5.745746660923899
2011-04-25 05:00:00,16.335585582316654
2011-04-25 06:00:00,71.55607107548917
2011-04-25 07:00:00,196.25900366713995
2011-04-25 08:00:00,422.21946565468795
2011-04-25 09:00:00,243.0336932751914
2011-04-25 10:00:00,140.4934899267155
2011-04-25 11:00:00,157.49523761424385
2011-04-25 12:00:00,165.9070284620506
2011-04-25 13:00:00,179.16026426282997
2011-04-25 14:00:00,158.3664704876123
2011-04-25 15:00:00,166.13967290966903
2011-04-25 16:00:00,272.1007822601509
2011-04-25 17:00:00,508.6763257505652
2011-04-25 18:00:00,505.9536496417861
2011-04-25 19:00:00,359.08131707594305
2011-04-25 20:00:00,273.7003224300216
2011-04-25 21:00:00,189.4532054234578
2011-04-25 22:00:00,113.27666039129794
2011-04-25 23:00:00,48.014051146989985
2011-04-26 00:00:00,33.009033220535365
2011-04-26 01:00:00,12.921455748167338
2011-04-26 02:00:00,5.956326347950135
2011-04-26 03:00:00,4.591045116448036
2011-04-26 04:00:00,5.861858455193928
2011-04-26 05:00:00,22.614579041501397
2011-04-26 06:00:00,107.77262963838605
2011-04-26 07:00:00,274.79828742227124
2011-04-26 08:00:00,433.19119440227684
2011-04-26 09:00:00,199.57537444640965
2011-04-26 10:00:00,115.1370010028762
2011-04-26 11:00:00,141.25760572871698
2011-04-26 12:00:00,189.63552610274198
2011-04-26 13:00:00,159.915343795248
2011-04-26 14:00:00,152.5270628868904
2011-04-26 15:00:00,174.67523349361244
2011-04-26 16:00:00,262.6848644329458
2011-04-26 17:00:00,543.3338560614242
2011-04-26 18:00:00,487.1427965950841
2011-04-26 19:00:00,339.7586491351174
2011-04-26 20:00:00,240.17160897435545
2011-04-26 21:00:00,169.1410766798272
2011-04-26 22:00:00,111.45151427091739
2011-04-26 23:00:00,56.85587310110293
2011-04-27 00:00:00,34.435585336537194
2011-04-27 01:00:00,14.621852474735954
2011-04-27 02:00:00,7.257779796427552
2011-04-27 03:00:00,4.328212916248308
2011-04-27 04:00:00,4.433202195814996
2011-04-27 05:00:00,15.532568995183679
2011-04-27 06:00:00,82.75786016264558
2011-04-27 07:00:00,232.835550984809
2011-04-27 08:00:00,318.74198651420124
2011-04-27 09:00:00,180.38582365816924
2011-04-27 10:00:00,92.54100666579227
2011-04-27 11:00:00,112.7580647181695
2011-04-27 12:00:00,160.53805247367464
2011-04-27 13:00:00,149.05889653981234
2011-04-27 14:00:00,140.8322032227195
2011-04-27 15:00:00,153.53423228616285
2011-04-27 16:00:00,236.4082688627022
2011-04-27 17:00:00,259.6996617830556
2011-04-27 18:00:00,237.34393251367734
2011-04-27 19:00:00,300.37464637830544
2011-04-27 20:00:00,204.25065489878932
2011-04-27 21:00:00,190.15678219391293
2011-04-27 22:00:00,83.56704285420582
2011-04-27 23:00:00,29.019575052916693
2011-04-28 00:00:00,38.973300721500024
2011-04-28 01:00:00,13.640578462977052
2011-04-28 02:00:00,6.102942607490289
2011-04-28 03:00:00,6.492554586995017
2011-04-28 04:00:00,5.944282566012686
2011-04-28 05:00:00,20.950620034149654
2011-04-28 06:00:00,95.71817768540485
2011-04-28 07:00:00,234.52378789798618
2011-04-28 08:00:00,412.0031120582562
2011-04-28 09:00:00,123.47740706895343
2011-04-28 10:00:00,98.84241517717268
2011-04-28 11:00:00,106.18336508098126
2011-04-28 12:00:00,150.57696290579807
2011-04-28 13:00:00,113.86597483430356
2011-04-28 14:00:00,124.64821313216233
2011-04-28 15:00:00,170.5933403211308
2011-04-28 16:00:00,235.07514363659175
2011-04-28 17:00:00,502.3118308752145
2011-04-28 18:00:00,476.5059731955833
2011-04-28 19:00:00,367.32045252377185
2011-04-28 20:00:00,210.71814266451779
2011-04-28 21:00:00,178.1552001649346
2011-04-28 22:00:00,134.44969746182042
2011-04-28 23:00:00,81.87037665071514
2011-04-29 00:00:00,50.754405060973234
2011-04-29 01:00:00,33.464270703817746
2011-04-29 02:00:00,15.166565620622286
2011-04-29 03:00:00,7.232254676668452
2011-04-29 04:00:00,5.712766597074834
2011-04-29 05:00:00,19.79540525891722
2011-04-29 06:00:00,117.01199543572648
2011-04-29 07:00:00,267.7119299300811
2011-04-29 08:00:00,480.20457353540985
2011-04-29 09:00:00,263.25875421981164
2011-04-29 10:00:00,143.09501823275704
2011-04-29 11:00:00,193.17342685041078
2011-04-29 12:00:00,211.77452723968554
2011-04-29 13:00:00,198.61997665401492
2011-04-29 14:00:00,207.0052332568748
2011-04-29 15:00:00,174.87721880966683
2011-04-29 16:00:00,261.03897389582124
2011-04-29 17:00:00,410.3786118858515
2011-04-29 18:00:00,393.98400247953873
2011-04-29 19:00:00,268.629591598851
2011-04-29 20:00:00,205.2276795486392
2011-04-29 21:00:00,155.32875954297353
2011-04-29 22:00:00,131.99549299386862
2011-04-29 23:00:00,89.43338401609677
2011-04-30 00:00:00,82.14770599595434
2011-04-30 01:00:00,64.67523547595528
2011-04-30 02:00:00,48.24547914181039
2011-04-30 03:00:00,21.221513495538996
2011-04-30 04:00:00,8.131023022629396
2011-04-30 05:00:00,9.708325977064039
2011-04-30 06:00:00,18.100432238667146
2011-04-30 07:00:00,52.02592427554887
2011-04-30 08:00:00,111.07124334255873
2011-04-30 09:00:00,164.05923667842964
2011-04-30 10:00:00,244.9452402754335
2011-04-30 11:00:00,306.1793001503071
2011-04-30 12:00:00,378.706631913614
2011-04-30 13:00:00,356.4128127990282
2011-04-30 14:00:00,346.8899352065066
2011-04-30 15:00:00,351.2693277015266
2011-04-30 16:00:00,319.0084968159904
2011-04-30 17:00:00,302.7672682545689
2011-04-30 18:00:00,263.8079137411426
2011-04-30 19:00:00,216.02493885219093
2011-04-30 20:00:00,185.7675941279884
2011-04-30 21:00:00,161.80130342667465
2011-04-30 22:00:00,124.07542761612044
2011-04-30 23:00:00,104.29570816820754
2011-05-20 00:00:00,37.26017230583041
2011-05-20 01:00:00,13.660612339443468
2011-05-20 02:00:00,13.82522618087298
2011-05-20 03:00:00,6.53895919853114
2011-05-20 04:00:00,5.97322746336358
2011-05-20 05:00:00,22.804590963756766
2011-05-20 06:00:00,112.03455284622193
2011-05-20 07:00:00,258.8135914105533
2011-05-20 08:00:00,458.4747390718883
2011-05-20 09:00:00,252.39069647598618
2011-05-20 10:00:00,159.3584225756165
2011-05-20 11:00:00,175.5290264074564
2011-05-20 12:00:00,214.77639039904233
2011-05-20 13:00:00,157.84022220865157
2011-05-20 14:00:00,218.6418972109436
2011-05-20 15:00:00,212.18072024509513
2011-05-20 16:00:00,332.65017095535654
2011-05-20 17:00:00,535.5666187353492
2011-05-20 18:00:00,487.09169788905604
2011-05-20 19:00:00,304.81654680238535
2011-05-20 20:00:00,225.10164866275107
2011-05-20 21:00:00,178.21439937756668
2011-05-20 22:00:00,160.66037468661733
2011-05-20 23:00:00,116.05436665194478
2011-05-21 00:00:00,96.80839324733444
2011-05-21 01:00:00,72.44374410543425
2011-05-21 02:00:00,57.36694805037691
2011-05-21 03:00:00,24.528565175682125
2011-05-21 04:00:00,9.528778494236258
2011-05-21 05:00:00,10.651547919515886
2011-05-21 06:00:00,21.054590912333992
2011-05-21 07:00:00,59.248671164960506
2011-05-21 08:00:00,118.86003849683566
2011-05-21 09:00:00,221.70195669652665
2011-05-21 10:00:00,295.59650506312164
2011-05-21 11:00:00,371.0915930110227
2011-05-21 12:00:00,432.9763721168565
2011-05-21 13:00:00,458.07287910771544
2011-05-21 14:00:00,446.2077002947321
2011-05-21 15:00:00,429.9152465163257
2011-05-21 16:00:00,416.2572524681715
2011-05-21 17:00:00,385.9141970365647
2011-05-21 18:00:00,348.81105881564986
2011-05-21 19:00:00,291.58789804154384
2011-05-21 20:00:00,258.04446083963364
2011-05-21 21:00:00,227.78289493669365
2011-05-21 22:00:00,132.45666085346687
2011-05-21 23:00:00,123.60652374289116
2011-05-22 00:00:00,114.24554459737988
2011-05-22 01:00:00,57.09982996149951
2011-05-22 02:00:00,55.37844708923554
2011-05-22 03:00:00,29.882821642679676
2011-05-22 04:00:00,8.197060582306001
2011-05-22 05:00:00,7.312682224010235
2011-05-22 06:00:00,9.913495247068754
2011-05-22 07:00:00,42.38795344263308
2011-05-22 08:00:00,105.15702362952116
2011-05-22 09:00:00,172.62857098621578
2011-05-22 10:00:00,282.9884875152493
2011-05-22 11:00:00,348.10974007758455
2011-05-22 12:00:00,406.015031222698
2011-05-22 13:00:00,384.75703294693244
2011-05-22 14:00:00,301.91691555766306
2011-05-22 15:00:00,383.3381923155797
2011-05-22 16:00:00,399.65592579232856
2011-05-22 17:00:00,358.87281647850375
2011-05-22 18:00:00,345.93868633742454
2011-05-22 19:00:00,281.5669096729518
2011-05-22 20:00:00,230.86726828724906
2011-05-22 21:00:00,171.3070048926808
2011-05-22 22:00:00,115.22556679574562
2011-05-22 23:00:00,64.007567755641
2011-05-23 00:00:00,30.063393292003365
2011-05-23 01:00:00,16.73027092431637
2011-05-23 02:00:00,8.368507383526119
2011-05-23 03:00:00,4.017514193616355
2011-05-23 04:00:00,5.16205980946154
2011-05-23 05:00:00,15.540557509582051
2011-05-23 06:00:00,71.55607107548917
2011-05-23 07:00:00,196.00863392137052
2011-05-23 08:00:00,407.1294787815893
2011-05-23 09:00:00,191.17857766835425
2011-05-23 10:00:00,116.11591701330728
2011-05-23 11:00:00,132.80761677319265
2011-05-23 12:00:00,164.87414476437647
2011-05-23 13:00:00,164.53353303895273
2011-05-23 14:00:00,135.98158477746233
2011-05-23 15:00:00,149.7888095832209
2011-05-23 16:00:00,241.99353571818656
2011-05-23 17:00:00,379.4570089306702
2011-05-23 18:00:00,452.86982788971187
2011-05-23 19:00:00,383.00532436490977
2011-05-23 20:00:00,227.9519009478138
2011-05-23 21:00:00,122.33615408707891
2011-05-23 22:00:00,64.41073319610298
2011-05-23 23:00:00,47.19436453401145
2011-05-24 00:00:00,15.851995188804102
2011-05-24 01:00:00,8.732982181410906
2011-05-24 02:00:00,5.764928104971691
2011-05-24 03:00:00,4.513168996788308
2011-05-24 04:00:00,5.953241033841833
2011-05-24 05:00:00,15.038352437043992
2011-05-24 06:00:00,72.74026830829143
2011-05-24 07:00:00,221.12259281591435
2011-05-24 08:00:00,288.1423685473359
2011-05-24 09:00:00,236.06988332365324
2011-05-24 10:00:00,133.13775911174707
2011-05-24 11:00:00,142.11406389229498
2011-05-24 12:00:00,176.3436309485586
2011-05-24 13:00:00,181.03129285962945
2011-05-24 14:00:00,154.99119184236113
2011-05-24 15:00:00,140.80809431296944
2011-05-24 16:00:00,264.6988913228931
2011-05-24 17:00:00,553.7958848883619
2011-05-24 18:00:00,529.3839290082168
2011-05-24 19:00:00,393.51606305037194
2011-05-24 20:00:00,269.4742782296323
2011-05-24 21:00:00,177.67996420942347
2011-05-24 22:00:00,79.14731380484831
2011-05-24 23:00:00,103.95721921875366
2011-05-25 00:00:00,28.049362224447677
2011-05-25 01:00:00,13.772826262056784
2011-05-25 02:00:00,6.175689741282566
2011-05-25 03:00:00,5.869610672637712
2011-05-25 04:00:00,5.515826724849955
2011-05-25 05:00:00,23.587397071623574
2011-05-25 06:00:00,92.05327093337573
2011-05-25 07:00:00,314.0137994238648
2011-05-25 08:00:00,444.95419660712025
2011-05-25 09:00:00,198.48870034503426
2011-05-25 10:00:00,132.0861035175956
2011-05-25 11:00:00,137.04864649754114
2011-05-25 12:00:00,171.27365191306598
2011-05-25 13:00:00,167.39183717331738
2011-05-25 14:00:00,153.3455538548705
2011-05-25 15:00:00,171.27377363559663
2011-05-25 16:00:00,252.20150315994167
2011-05-25 17:00:00,518.4868894093378
2011-05-25 18:00:00,512.1214272118449
2011-05-25 19:00:00,391.4299971659566
2011-05-25 20:00:00,300.8551571774149
2011-05-25 21:00:00,197.76770739003734
2011-05-25 22:00:00,155.06683078014947
2011-05-25 23:00:00,101.03654207646976
2011-05-26 00:00:00,44.72861744674179
2011-05-26 01:00:00,18.829839308343463
2011-05-26 02:00:00,8.808753627176703
2011-05-26 03:00:00,5.832617806001903
2011-05-26 04:00:00,5.709150263819926
2011-05-26 05:00:00,22.53621129159127
2011-05-26 06:00:00,101.99805027067808
2011-05-26 07:00:00,207.42391442127365
2011-05-26 08:00:00,499.6195611351265
2011-05-26 09:00:00,226.7580429664546
2011-05-26 10:00:00,134.1853841970528
2011-05-26 11:00:00,157.38230352948142
2011-05-26 12:00:00,188.92635064874034
2011-05-26 13:00:00,179.16969288400722
2011-05-26 14:00:00,162.04713614719753
2011-05-26 15:00:00,165.78394573867536
2011-05-26 16:00:00,271.4009822483528
2011-05-26 17:00:00,516.875528403154
2011-05-26 18:00:00,507.97366485207294
2011-05-26 19:00:00,363.94392795694904
2011-05-26 20:00:00,278.3805693204742
2011-05-26 21:00:00,224.68938446268447
2011-05-26 22:00:00,170.5841328811981
2011-05-26 23:00:00,123.91512413403997
2011-05-27 00:00:00,57.28740542616785
2011-05-27 01:00:00,22.495268335933314
2011-05-27 02:00:00,15.835560463215522
2011-05-27 03:00:00,7.038387274459672
2011-05-27 04:00:00,6.4657011060744844
2011-05-27 05:00:00,25.324878448644508
2011-05-27 06:00:00,107.48770942258766
2011-05-27 07:00:00,289.99417420220635
2011-05-27 08:00:00,499.4170383195747
2011-05-27 09:00:00,270.0030531812576
2011-05-27 10:00:00,165.66551877066638
2011-05-27 11:00:00,176.69992397556405
2011-05-27 12:00:00,209.55362621337488
2011-05-27 13:00:00,211.4361540954163
2011-05-27 14:00:00,196.0152614230554
2011-05-27 15:00:00,225.20550509964716
2011-05-27 16:00:00,290.8582628613114
2011-05-27 17:00:00,509.38236007602444
2011-05-27 18:00:00,430.35821636159505
2011-05-27 19:00:00,202.08266951028585
2011-05-27 20:00:00,209.17460916428186
2011-05-27 21:00:00,161.7777054116449
2011-05-27 22:00:00,156.09843055541722
2011-05-27 23:00:00,121.89336646738448
2011-05-28 00:00:00,100.36447103609339
2011-05-28 01:00:00,74.08156288910075
2011-05-28 02:00:00,58.276932083648525
2011-05-28 03:00:00,24.796048348343472
2011-05-28 04:00:00,8.400447723786979
2011-05-28 05:00:00,10.184312159058486
2011-05-28 06:00:00,22.201045554351982
2011-05-28 07:00:00,51.6326032117709
2011-05-28 08:00:00,113.94001964569466
2011-05-28 09:00:00,217.30129181718974
2011-05-28 10:00:00,307.18367215464605
2011-05-28 11:00:00,367.33856005802704
2011-05-28 12:00:00,421.302191581011
2011-05-28 13:00:00,420.5206217878431
2011-05-28 14:00:00,403.2285661095094
2011-05-28 15:00:00,395.6022719248045
2011-05-28 16:00:00,398.72139261201625
2011-05-28 17:00:00,378.2293179344225
2011-05-28 18:00:00,356.68061199643216
2011-05-28 19:00:00,329.3826429653921
2011-05-28 20:00:00,277.7102539365329
2011-05-28 21:00:00,196.2734415122382
2011-05-28 22:00:00,203.09525127063125
2011-05-28 23:00:00,175.8576293742445
2011-05-29 00:00:00,100.36229050898709
2011-05-29 01:00:00,101.87088575890829
2011-05-29 02:00:00,73.6870442512853
2011-05-29 03:00:00,33.49134454912116
2011-05-29 04:00:00,11.51129264412316
2011-05-29 05:00:00,6.0157021330080935
2011-05-29 06:00:00,15.056542194410223
2011-05-29 07:00:00,31.80298112604056
2011-05-29 08:00:00,74.43752359284089
2011-05-29 09:00:00,68.38197512989119
2011-05-29 10:00:00,235.45446211331662
2011-05-29 11:00:00,262.9145911981275
2011-05-29 12:00:00,377.98695093857293
2011-05-29 13:00:00,401.13269797611906
2011-05-29 14:00:00,381.71155473122303
2011-05-29 15:00:00,379.9100940845541
2011-05-29 16:00:00,392.57294649453314
2011-05-29 17:00:00,365.8641315848355
2011-05-29 18:00:00,306.3152349511829
2011-05-29 19:00:00,279.0424990738943
2011-05-29 20:00:00,191.37187314680705
2011-05-29 21:00:00,175.78238461225257
2011-05-29 22:00:00,128.10944063588926
2011-05-29 23:00:00,107.02336061828527
2011-05-30 00:00:00,56.901953883118715
2011-05-30 01:00:00,40.58027169705886
2011-05-30 02:00:00,26.1636350272956
2011-05-30 03:00:00,9.829766671911566
2011-05-30 04:00:00,7.015235072879983
2011-05-30 05:00:00,9.865007025809522
2011-05-30 06:00:00,21.625371799276564
2011-05-30 07:00:00,53.580126117406955
2011-05-30 08:00:00,130.0018117811282
2011-05-30 09:00:00,184.01798593790767
2011-05-30 10:00:00,186.9857309125057
2011-05-30 11:00:00,235.4245605780654
2011-05-30 12:00:00,257.41576849209656
2011-05-30 13:00:00,271.99509494829454
2011-05-30 14:00:00,255.91568113766405
2011-05-30 15:00:00,249.44497616997407
2011-05-30 16:00:00,292.72679004518676
2011-05-30 17:00:00,350.6765459806752
2011-05-30 18:00:00,325.6337961590359
2011-05-30 19:00:00,236.22921465832138
2011-05-30 20:00:00,245.21736914757216
2011-05-30 21:00:00,204.06479121912108
2011-05-30 22:00:00,136.49562982296482
2011-05-30 23:00:00,84.16095792597275
2011-05-31 00:00:00,31.59615032542382
2011-05-31 01:00:00,13.832836465676742
2011-05-31 02:00:00,6.665240720341031
2011-05-31 03:00:00,4.467376511729325
2011-05-31 04:00:00,7.054654006570143
2011-05-31 05:00:00,25.335620228612964
2011-05-31 06:00:00,111.3085452027314
2011-05-31 07:00:00,285.3251854769444
2011-05-31 08:00:00,439.5217922021661
2011-05-31 09:00:00,198.47491849123637
2011-05-31 10:00:00,124.92489377257195
2011-05-31 11:00:00,122.19358332935515
2011-05-31 12:00:00,148.9351014241268
2011-05-31 13:00:00,154.64647548958715
2011-05-31 14:00:00,136.55660574164227
2011-05-31 15:00:00,146.52546677297917
2011-05-31 16:00:00,232.73811147913872
2011-05-31 17:00:00,536.6939814406909
2011-05-31 18:00:00,531.8583091833596
2011-05-31 19:00:00,370.12833707234364
2011-05-31 20:00:00,275.10156184099856
2011-05-31 21:00:00,202.8118675640299
2011-05-31 22:00:00,160.41043768298718
2011-05-31 23:00:00,85.25021140986797
2011-06-20 00:00:00,39.15600517696373
2011-06-20 01:00:00,13.667633794658718
2011-06-20 02:00:00,7.398159379659642
2011-06-20 03:00:00,4.443955086776686
2011-06-20 04:00:00,5.8984782519784735
2011-06-20 05:00:00,20.0722772838902
2011-06-20 06:00:00,94.96403772741456
2011-06-20 07:00:00,138.7828051262853
2011-06-20 08:00:00,277.7262493822328
2011-06-20 09:00:00,199.15181221761446
2011-06-20 10:00:00,108.13357559507347
2011-06-20 11:00:00,125.75755851845598
2011-06-20 12:00:00,175.8683048500545
2011-06-20 13:00:00,173.8729513666448
2011-06-20 14:00:00,172.31393487909514
2011-06-20 15:00:00,181.43725489879796
2011-06-20 16:00:00,259.2869636447654
2011-06-20 17:00:00,508.89558064223223
2011-06-20 18:00:00,554.0591980172164
2011-06-20 19:00:00,394.14025217077943
2011-06-20 20:00:00,277.58201304469634
2011-06-20 21:00:00,215.60203222199695
2011-06-20 22:00:00,127.04471736658807
2011-06-20 23:00:00,60.906069140058044
2011-06-21 00:00:00,34.02362662376727
2011-06-21 01:00:00,16.41025736790197
2011-06-21 02:00:00,6.684490669911292
2011-06-21 03:00:00,4.8049891702584295
2011-06-21 04:00:00,5.7589209962831065
2011-06-21 05:00:00,22.032988114782224
2011-06-21 06:00:00,96.77521156294554
2011-06-21 07:00:00,163.45843849749838
2011-06-21 08:00:00,384.5766390317465
2011-06-21 09:00:00,189.8440303312179
2011-06-21 10:00:00,88.86430185836221
2011-06-21 11:00:00,124.19221571819453
2011-06-21 12:00:00,166.45085369382517
2011-06-21 13:00:00,174.285100466429
2011-06-21 14:00:00,161.6142488504889
2011-06-21 15:00:00,181.35902200176548
2011-06-21 16:00:00,291.9116765077838
2011-06-21 17:00:00,553.898940173555
2011-06-21 18:00:00,523.2945651878761
2011-06-21 19:00:00,359.4013130359544
2011-06-21 20:00:00,240.8843943175153
2011-06-21 21:00:00,221.94789757774188
2011-06-21 22:00:00,146.2185297714902
2011-06-21 23:00:00,93.71976365608845
2011-06-22 00:00:00,42.32333323664464
2011-06-22 01:00:00,17.199675277461594
2011-06-22 02:00:00,9.364640462432263
2011-06-22 03:00:00,6.776424914694676
2011-06-22 04:00:00,5.9252691147364915
2011-06-22 05:00:00,21.28787169508394
2011-06-22 06:00:00,112.58460101755598
2011-06-22 07:00:00,275.8182222396147
2011-06-22 08:00:00,468.53867676535293
2011-06-22 09:00:00,201.29205582554673
2011-06-22 10:00:00,130.90444265465854
2011-06-22 11:00:00,149.89712822361113
2011-06-22 12:00:00,197.0109392723675
2011-06-22 13:00:00,184.35771905096314
2011-06-22 14:00:00,164.4691135637227
2011-06-22 15:00:00,177.1622429395476
2011-06-22 16:00:00,251.95823306892024
2011-06-22 17:00:00,553.8239520443266
2011-06-22 18:00:00,562.6617756303874
2011-06-22 19:00:00,412.6930958484818
2011-06-22 20:00:00,287.1156640174725
2011-06-22 21:00:00,200.26569695095944
2011-06-22 22:00:00,140.78730178576802
2011-06-22 23:00:00,81.0193430006042
2011-06-23 00:00:00,41.83581501826396
2011-06-23 01:00:00,21.25019072453031
2011-06-23 02:00:00,12.222794938021792
2011-06-23 03:00:00,7.386129271265258
2011-06-23 04:00:00,6.932542797480601
2011-06-23 05:00:00,27.712534356040152
2011-06-23 06:00:00,123.45358391380108
2011-06-23 07:00:00,295.73768233817316
2011-06-23 08:00:00,486.4908581622665
2011-06-23 09:00:00,231.71973370194567
2011-06-23 10:00:00,132.83870933514896
2011-06-23 11:00:00,145.99710363174526
2011-06-23 12:00:00,193.93011382592198
2011-06-23 13:00:00,182.2281480515062
2011-06-23 14:00:00,164.6791510654335
2011-06-23 15:00:00,182.59732997974987
2011-06-23 16:00:00,280.05951574922165
2011-06-23 17:00:00,473.5662674392658
2011-06-23 18:00:00,479.4396629852118
2011-06-23 19:00:00,340.62805874688166
2011-06-23 20:00:00,297.8368149861513
2011-06-23 21:00:00,231.86251246688107
2011-06-23 22:00:00,153.71260070782375
2011-06-23 23:00:00,106.95289800692956
2011-06-24 00:00:00,53.64698426187257
2011-06-24 01:00:00,25.008902911660424
2011-06-24 02:00:00,12.779665432493257
2011-06-24 03:00:00,7.990402706018542
2011-06-24 04:00:00,7.118686889414918
2011-06-24 05:00:00,20.525151256565692
2011-06-24 06:00:00,103.76608695400469
2011-06-24 07:00:00,233.03238638577048
2011-06-24 08:00:00,495.7361609125657
2011-06-24 09:00:00,252.5234056458624
2011-06-24 10:00:00,163.1761719579303
2011-06-24 11:00:00,209.55900556326603
2011-06-24 12:00:00,236.2098394501303
2011-06-24 13:00:00,250.51852071356797
2011-06-24 14:00:00,221.78573094591323
2011-06-24 15:00:00,258.8404983795555
2011-06-24 16:00:00,354.38990689404983
2011-06-24 17:00:00,586.1684562804535
2011-06-24 18:00:00,525.120134154915
2011-06-24 19:00:00,376.8734331490975
2011-06-24 20:00:00,284.39440059986754
2011-06-24 21:00:00,229.17835122710633
2011-06-24 22:00:00,191.10189307752455
2011-06-24 23:00:00,153.525672886073
2011-06-25 00:00:00,101.88228565204868
2011-06-25 01:00:00,76.8950542670109
2011-06-25 02:00:00,65.66836093361228
2011-06-25 03:00:00,27.49910054923389
2011-06-25 04:00:00,9.957527557037016
2011-06-25 05:00:00,12.18918854438361
2011-06-25 06:00:00,25.722409390108837
2011-06-25 07:00:00,61.13912023875068
2011-06-25 08:00:00,127.22348044869614
2011-06-25 09:00:00,204.301297716634
2011-06-25 10:00:00,293.8929636248048
2011-06-25 11:00:00,358.3361608254122
2011-06-25 12:00:00,447.9452138560488
2011-06-25 13:00:00,437.49339927297063
2011-06-25 14:00:00,419.57781431973325
2011-06-25 15:00:00,440.30551239889616
2011-06-25 16:00:00,420.72588383643756
2011-06-25 17:00:00,408.12647600705503
2011-06-25 18:00:00,367.1943485031126
2011-06-25 19:00:00,321.78825556407384
2011-06-25 20:00:00,267.7819944241306
2011-06-25 21:00:00,231.05383693424895
2011-06-25 22:00:00,183.1290824944553
2011-06-25 23:00:00,136.33037867175761
2011-06-26 00:00:00,126.34154736705337
2011-06-26 01:00:00,94.80037815151363
2011-06-26 02:00:00,76.4015101500218
2011-06-26 03:00:00,36.585183788949124
2011-06-26 04:00:00,12.786264316678555
2011-06-26 05:00:00,10.021303932543857
2011-06-26 06:00:00,19.087220755151268
2011-06-26 07:00:00,40.37352129873054
2011-06-26 08:00:00,94.73190928854389
2011-06-26 09:00:00,182.20490800362322
2011-06-26 10:00:00,269.8922509305976
2011-06-26 11:00:00,352.02913467546676
2011-06-26 12:00:00,424.8141408087033
2011-06-26 13:00:00,429.41040766645494
2011-06-26 14:00:00,403.27092211260816
2011-06-26 15:00:00,408.4127939267475
2011-06-26 16:00:00,401.402050426995
2011-06-26 17:00:00,352.1841110787557
2011-06-26 18:00:00,322.6534526077471
2011-06-26 19:00:00,261.4711015649896
2011-06-26 20:00:00,189.7015709578361
2011-06-26 21:00:00,158.6019935051944
2011-06-26 22:00:00,146.4060872099376
2011-06-26 23:00:00,85.86915052591338
2011-06-27 00:00:00,47.49329634888884
2011-06-27 01:00:00,17.605979070252634
2011-06-27 02:00:00,12.84509697350935
2011-06-27 03:00:00,7.512038015288506
2011-06-27 04:00:00,6.988918361320322
2011-06-27 05:00:00,20.480938393292565
2011-06-27 06:00:00,103.97903202873087
2011-06-27 07:00:00,263.55802189532767
2011-06-27 08:00:00,405.7565619202851
2011-06-27 09:00:00,219.64742622074164
2011-06-27 10:00:00,129.51637975232086
2011-06-27 11:00:00,147.57891959175998
2011-06-27 12:00:00,192.81580332268067
2011-06-27 13:00:00,184.49005232712602
2011-06-27 14:00:00,167.08185117162304
2011-06-27 15:00:00,174.00803676882404
2011-06-27 16:00:00,282.5315156919037
2011-06-27 17:00:00,533.5492562404432
2011-06-27 18:00:00,586.2787342918579
2011-06-27 19:00:00,405.3491683398362
2011-06-27 20:00:00,294.35180387629794
2011-06-27 21:00:00,198.63999270592555
2011-06-27 22:00:00,141.12681284410783
2011-06-27 23:00:00,77.03549616855064
2011-06-28 00:00:00,38.29005665802418
2011-06-28 01:00:00,17.94878840868222
2011-06-28 02:00:00,9.217179263355991
2011-06-28 03:00:00,6.725945357025438
2011-06-28 04:00:00,7.79846553833222
2011-06-28 05:00:00,26.696059895672352
2011-06-28 06:00:00,110.47666222289735
2011-06-28 07:00:00,258.71994034837894
2011-06-28 08:00:00,398.1607399728393
2011-06-28 09:00:00,223.32637860945437
2011-06-28 10:00:00,129.3568765327379
2011-06-28 11:00:00,159.80963939568983
2011-06-28 12:00:00,175.2557468982865
2011-06-28 13:00:00,191.7307313079998
2011-06-28 14:00:00,154.74861814561936
2011-06-28 15:00:00,163.24903164982604
2011-06-28 16:00:00,232.78426691221506
2011-06-28 17:00:00,547.4915917759347
2011-06-28 18:00:00,550.7038678232216
2011-06-28 19:00:00,352.62519914343864
2011-06-28 20:00:00,275.8541402787588
2011-06-28 21:00:00,217.49702470089696
2011-06-28 22:00:00,159.97309938051112
2011-06-28 23:00:00,90.23551865286511
2011-06-29 00:00:00,37.750987395932356
2011-06-29 01:00:00,15.17386936382976
2011-06-29 02:00:00,8.53163126589317
2011-06-29 03:00:00,6.245757579776045
2011-06-29 04:00:00,6.808270395715126
2011-06-29 05:00:00,23.59036446453539
2011-06-29 06:00:00,114.70257861883938
2011-06-29 07:00:00,299.5505115422222
2011-06-29 08:00:00,435.24151710125955
2011-06-29 09:00:00,208.64406492752818
2011-06-29 10:00:00,134.279504645304
2011-06-29 11:00:00,151.24920671143127
2011-06-29 12:00:00,190.81094801282197
2011-06-29 13:00:00,183.1176971466051
2011-06-29 14:00:00,167.86597399509986
2011-06-29 15:00:00,180.6512409638832
2011-06-29 16:00:00,290.8440114437726
2011-06-29 17:00:00,584.8542886445609
2011-06-29 18:00:00,556.4838141333124
2011-06-29 19:00:00,374.24436283074635
2011-06-29 20:00:00,304.0927236946053
2011-06-29 21:00:00,260.21360940606763
2011-06-29 22:00:00,178.05678214179946
2011-06-29 23:00:00,95.11743025668474
2011-06-30 00:00:00,39.17943236456698
2011-06-30 01:00:00,20.139310399439555
2011-06-30 02:00:00,11.644231100082479
2011-06-30 03:00:00,7.565601844380742
2011-06-30 04:00:00,7.27259201815132
2011-06-30 05:00:00,29.689472815563562
2011-06-30 06:00:00,140.69064568476853
2011-06-30 07:00:00,325.6988085572339
2011-06-30 08:00:00,403.94048040567884
2011-06-30 09:00:00,233.90246990831392
2011-06-30 10:00:00,133.64462805119933
2011-06-30 11:00:00,161.76890177531862
2011-06-30 12:00:00,194.39659615524002
2011-06-30 13:00:00,192.61116198316824
2011-06-30 14:00:00,173.90927299233252
2011-06-30 15:00:00,195.06990909373258
2011-06-30 16:00:00,307.8381194630738
2011-06-30 17:00:00,569.0310759239629
2011-06-30 18:00:00,547.5423392792329
2011-06-30 19:00:00,400.4219252538329
2011-06-30 20:00:00,298.85345372693996
2011-06-30 21:00:00,237.9223037664502
2011-06-30 22:00:00,189.5840032191713
2011-06-30 23:00:00,116.36132563931945
2011-07-20 00:00:00,35.65076666098174
2011-07-20 01:00:00,17.090088802264418
2011-07-20 02:00:00,8.155269966603878
2011-07-20 03:00:00,5.957036387316443
2011-07-20 04:00:00,6.892310551851012
2011-07-20 05:00:00,26.51955914561713
2011-07-20 06:00:00,99.73153179368376
2011-07-20 07:00:00,248.498805334276
2011-07-20 08:00:00,456.3167112901553
2011-07-20 09:00:00,218.57208110535527
2011-07-20 10:00:00,133.89329485175435
2011-07-20 11:00:00,144.82800814379888
2011-07-20 12:00:00,163.1976864618874
2011-07-20 13:00:00,157.8757204045685
2011-07-20 14:00:00,150.73335350377184
2011-07-20 15:00:00,148.7278798397401
2011-07-20 16:00:00,258.79377207325876
2011-07-20 17:00:00,488.1806296726687
2011-07-20 18:00:00,498.03674091849956
2011-07-20 19:00:00,308.13642778613104
2011-07-20 20:00:00,282.6209502779979
2011-07-20 21:00:00,217.60591702282517
2011-07-20 22:00:00,178.08426332722826
2011-07-20 23:00:00,93.19247028436482
2011-07-21 00:00:00,39.992965569048955
2011-07-21 01:00:00,16.116992049290946
2011-07-21 02:00:00,8.468016173996753
2011-07-21 03:00:00,6.516083654602772
2011-07-21 04:00:00,6.2595938722934505
2011-07-21 05:00:00,22.952349725533743
2011-07-21 06:00:00,99.50425166091273
2011-07-21 07:00:00,249.5762646066984
2011-07-21 08:00:00,450.44744614993243
2011-07-21 09:00:00,173.11694690091477
2011-07-21 10:00:00,99.56004716353195
2011-07-21 11:00:00,139.2874826388666
2011-07-21 12:00:00,171.68041718757792
2011-07-21 13:00:00,165.7873685335573
2011-07-21 14:00:00,144.94047711967158
2011-07-21 15:00:00,166.8240668911547
2011-07-21 16:00:00,250.47559796050882
2011-07-21 17:00:00,454.0411926505209
2011-07-21 18:00:00,464.52064229163216
2011-07-21 19:00:00,293.71633967405444
2011-07-21 20:00:00,289.7019841351928
2011-07-21 21:00:00,211.70962410901214
2011-07-21 22:00:00,153.7925669029416
2011-07-21 23:00:00,88.98867584658426
2011-07-22 00:00:00,64.39476240499641
2011-07-22 01:00:00,33.20226238031082
2011-07-22 02:00:00,11.629568846858598
2011-07-22 03:00:00,8.182631087643907
2011-07-22 04:00:00,7.316550485418743
2011-07-22 05:00:00,25.859272530507813
2011-07-22 06:00:00,103.21768142555577
2011-07-22 07:00:00,210.23687266926848
2011-07-22 08:00:00,411.24088876564247
2011-07-22 09:00:00,238.7697167691006
2011-07-22 10:00:00,134.36397491151945
2011-07-22 11:00:00,159.10230118021198
2011-07-22 12:00:00,197.73873562686242
2011-07-22 13:00:00,192.70546193303508
2011-07-22 14:00:00,188.665008504109
2011-07-22 15:00:00,200.09494363915564
2011-07-22 16:00:00,275.33401815996604
2011-07-22 17:00:00,428.0895439214347
2011-07-22 18:00:00,394.5013519872932
2011-07-22 19:00:00,285.507341652887
2011-07-22 20:00:00,290.5910144448793
2011-07-22 21:00:00,236.15998688462074
2011-07-22 22:00:00,177.83372616103898
2011-07-22 23:00:00,162.75868294204096
2011-07-23 00:00:00,127.74873194678379
2011-07-23 01:00:00,82.441317096326
2011-07-23 02:00:00,62.75257157407098
2011-07-23 03:00:00,28.1312771352659
2011-07-23 04:00:00,10.19533416526067
2011-07-23 05:00:00,11.491792205739085
2011-07-23 06:00:00,22.479374404619133
2011-07-23 07:00:00,54.00423536505569
2011-07-23 08:00:00,127.59685913857118
2011-07-23 09:00:00,189.72322376606778
2011-07-23 10:00:00,232.37941895113335
2011-07-23 11:00:00,236.91637239175446
2011-07-23 12:00:00,289.08317232654446
2011-07-23 13:00:00,264.0060095220701
2011-07-23 14:00:00,314.9956111236199
2011-07-23 15:00:00,257.52662870528565
2011-07-23 16:00:00,260.1039685911514
2011-07-23 17:00:00,231.01565732886783
2011-07-23 18:00:00,250.2661161617752
2011-07-23 19:00:00,266.37635654363294
2011-07-23 20:00:00,238.42666485887779
2011-07-23 21:00:00,201.98186434623446
2011-07-23 22:00:00,198.09069859996035
2011-07-23 23:00:00,161.9672277842438
2011-07-24 00:00:00,112.2906183722624
2011-07-24 01:00:00,87.40028420052184
2011-07-24 02:00:00,88.17098314967159
2011-07-24 03:00:00,36.798458078446515
2011-07-24 04:00:00,10.96296593327704
2011-07-24 05:00:00,10.035665589304989
2011-07-24 06:00:00,18.51249106629852
2011-07-24 07:00:00,41.47499078819995
2011-07-24 08:00:00,89.75853545215001
2011-07-24 09:00:00,171.52067931848256
2011-07-24 10:00:00,241.8959403477915
2011-07-24 11:00:00,314.51692470524625
2011-07-24 12:00:00,331.6507217204417
2011-07-24 13:00:00,346.15926917818274
2011-07-24 14:00:00,346.7600971138662
2011-07-24 15:00:00,304.1774110967344
2011-07-24 16:00:00,305.3096779075834
2011-07-24 17:00:00,229.92842197886327
2011-07-24 18:00:00,223.62137953244545
2011-07-24 19:00:00,213.05237697724542
2011-07-24 20:00:00,225.79839310709505
2011-07-24 21:00:00,177.28907084037283
2011-07-24 22:00:00,139.41104680866968
2011-07-24 23:00:00,80.09758910259113
2011-07-25 00:00:00,47.5821948114879
2011-07-25 01:00:00,16.692017266873705
2011-07-25 02:00:00,9.019471496328427
2011-07-25 03:00:00,5.797944026247775
2011-07-25 04:00:00,6.55966429041212
2011-07-25 05:00:00,20.49575772175341
2011-07-25 06:00:00,80.04950148872102
2011-07-25 07:00:00,232.70443593089885
2011-07-25 08:00:00,326.1732970156141
2011-07-25 09:00:00,206.8124248580559
2011-07-25 10:00:00,116.33793421803395
2011-07-25 11:00:00,134.8700332105668
2011-07-25 12:00:00,171.6315222578979
2011-07-25 13:00:00,141.53610654803262
2011-07-25 14:00:00,116.57660550165178
2011-07-25 15:00:00,120.9579952561564
2011-07-25 16:00:00,175.6193929008559
2011-07-25 17:00:00,464.143795777393
2011-07-25 18:00:00,460.62785225918026
2011-07-25 19:00:00,407.6811719394591
2011-07-25 20:00:00,261.5029855856544
2011-07-25 21:00:00,170.4560529053432
2011-07-25 22:00:00,128.58669698129853
2011-07-25 23:00:00,71.94207895541426
2011-07-26 00:00:00,34.403564072034996
2011-07-26 01:00:00,15.720655979677774
2011-07-26 02:00:00,7.934531667071279
2011-07-26 03:00:00,5.930619099629154
2011-07-26 04:00:00,6.217300486051997
2011-07-26 05:00:00,21.223017996122813
2011-07-26 06:00:00,107.73780630229643
2011-07-26 07:00:00,300.7116904996102
2011-07-26 08:00:00,428.3566153825562
2011-07-26 09:00:00,208.53119036277002
2011-07-26 10:00:00,124.04824790208893
2011-07-26 11:00:00,142.1071372084348
2011-07-26 12:00:00,200.71537285969163
2011-07-26 13:00:00,197.02374747630026
2011-07-26 14:00:00,157.21667721424785
2011-07-26 15:00:00,171.28023341652076
2011-07-26 16:00:00,270.0725410613411
2011-07-26 17:00:00,510.7849122061332
2011-07-26 18:00:00,587.0912498362686
2011-07-26 19:00:00,409.725407977266
2011-07-26 20:00:00,310.8316219416296
2011-07-26 21:00:00,249.11631004811812
2011-07-26 22:00:00,170.83211244571092
2011-07-26 23:00:00,96.54901853797325
2011-07-27 00:00:00,45.36244259921584
2011-07-27 01:00:00,15.731287068449255
2011-07-27 02:00:00,8.978247598472612
2011-07-27 03:00:00,6.037918479966907
2011-07-27 04:00:00,6.415609459413728
2011-07-27 05:00:00,24.30145098098152
2011-07-27 06:00:00,115.95692632766672
2011-07-27 07:00:00,285.76377147923824
2011-07-27 08:00:00,474.7538082590289
2011-07-27 09:00:00,186.70948631944165
2011-07-27 10:00:00,127.7522425172321
2011-07-27 11:00:00,136.5610183536163
2011-07-27 12:00:00,180.84962118912878
2011-07-27 13:00:00,180.2770984228624
2011-07-27 14:00:00,172.01959525605184
2011-07-27 15:00:00,176.47114075055345
2011-07-27 16:00:00,265.20334401669686
2011-07-27 17:00:00,585.7739075771295
2011-07-27 18:00:00,551.3827472076159
2011-07-27 19:00:00,396.26928607887913
2011-07-27 20:00:00,314.54489035963627
2011-07-27 21:00:00,238.42763937201414
2011-07-27 22:00:00,171.25377548063136
2011-07-27 23:00:00,107.56488635670583
2011-07-28 00:00:00,43.60245294689889
2011-07-28 01:00:00,18.78971582794484
2011-07-28 02:00:00,12.160126021673682
2011-07-28 03:00:00,6.395042681536225
2011-07-28 04:00:00,7.536310868942243
2011-07-28 05:00:00,26.312416365764243
2011-07-28 06:00:00,117.48598469008098
2011-07-28 07:00:00,300.94257240464725
2011-07-28 08:00:00,459.737055080238
2011-07-28 09:00:00,218.73122727369216
2011-07-28 10:00:00,128.80898912608927
2011-07-28 11:00:00,137.06678026452252
2011-07-28 12:00:00,181.77865277748023
2011-07-28 13:00:00,155.37055895690636
2011-07-28 14:00:00,176.08507100904245
2011-07-28 15:00:00,153.81148821399486
2011-07-28 16:00:00,231.55380152859965
2011-07-28 17:00:00,531.1057505116479
2011-07-28 18:00:00,499.4559018515134
2011-07-28 19:00:00,358.3929654985184
2011-07-28 20:00:00,309.1581250514369
2011-07-28 21:00:00,234.52608804412276
2011-07-28 22:00:00,181.18067144150638
2011-07-28 23:00:00,117.98536306004476
2011-07-29 00:00:00,55.37017523740313
2011-07-29 01:00:00,26.863153140610155
2011-07-29 02:00:00,13.939399318461215
2011-07-29 03:00:00,7.692944769566369
2011-07-29 04:00:00,6.375456674193144
2011-07-29 05:00:00,25.148362262312304
2011-07-29 06:00:00,102.44364995810697
2011-07-29 07:00:00,249.0257418071101
2011-07-29 08:00:00,463.82952780674566
2011-07-29 09:00:00,217.97467146532577
2011-07-29 10:00:00,130.9768588014155
2011-07-29 11:00:00,164.76043585621522
2011-07-29 12:00:00,191.75743816576212
2011-07-29 13:00:00,172.87787672379113
2011-07-29 14:00:00,170.29136221162926
2011-07-29 15:00:00,184.19139165877885
2011-07-29 16:00:00,289.8004491188764
2011-07-29 17:00:00,453.082667120337
2011-07-29 18:00:00,410.7382792463462
2011-07-29 19:00:00,312.18877503969594
2011-07-29 20:00:00,239.90136790618163
2011-07-29 21:00:00,231.72446029771777
2011-07-29 22:00:00,204.71904498563038
2011-07-29 23:00:00,151.8581311414873
2011-07-30 00:00:00,98.35530415195464
2011-07-30 01:00:00,77.87064378306306
2011-07-30 02:00:00,61.08045238535831
2011-07-30 03:00:00,28.744873699577063
2011-07-30 04:00:00,10.120131430158159
2011-07-30 05:00:00,11.625092536642374
2011-07-30 06:00:00,23.73940404068872
2011-07-30 07:00:00,57.5796106844548
2011-07-30 08:00:00,127.20352715467116
2011-07-30 09:00:00,197.4897520715911
2011-07-30 10:00:00,280.4142520222633
2011-07-30 11:00:00,354.3957914882209
2011-07-30 12:00:00,407.43605511582257
2011-07-30 13:00:00,324.28621501393127
2011-07-30 14:00:00,313.54811905499986
2011-07-30 15:00:00,238.91237325324389
2011-07-30 16:00:00,332.27930163841603
2011-07-30 17:00:00,284.35235161264137
2011-07-30 18:00:00,271.58392858837374
2011-07-30 19:00:00,298.72498641513477
2011-07-30 20:00:00,256.00964965290615
2011-07-30 21:00:00,232.5888351910777
2011-07-30 22:00:00,202.55543710516946
2011-07-30 23:00:00,149.2471428367365
2011-07-31 00:00:00,113.6075498901457
2011-07-31 01:00:00,98.50779463803508
2011-07-31 02:00:00,74.0737990882198
2011-07-31 03:00:00,28.394049342010014
2011-07-31 04:00:00,11.25851098881187
2011-07-31 05:00:00,9.534250140530142
2011-07-31 06:00:00,18.391596354208577
2011-07-31 07:00:00,40.30553100292803
2011-07-31 08:00:00,84.65456201419389
2011-07-31 09:00:00,176.17070327664092
2011-07-31 10:00:00,280.285223056905
2011-07-31 11:00:00,251.65410906252015
2011-07-31 12:00:00,323.0495771593339
2011-07-31 13:00:00,298.74125106227694
2011-07-31 14:00:00,290.50063381456897
2011-07-31 15:00:00,313.7754655896931
2011-07-31 16:00:00,311.5342751119722
2011-07-31 17:00:00,212.5105660904473
2011-07-31 18:00:00,280.27969777778515
2011-07-31 19:00:00,262.7795271740438
2011-07-31 20:00:00,208.58603846053714
2011-07-31 21:00:00,169.1878199183884
2011-07-31 22:00:00,134.8547874882768
2011-07-31 23:00:00,97.32207613794402
2011-08-20 00:00:00,88.92598796283283
2011-08-20 01:00:00,80.88627787257775
2011-08-20 02:00:00,63.4736433355344
2011-08-20 03:00:00,28.84972443064934
2011-08-20 04:00:00,7.989388735193889
2011-08-20 05:00:00,10.667915164472237
2011-08-20 06:00:00,18.584497748724733
2011-08-20 07:00:00,42.618208867008086
2011-08-20 08:00:00,116.15675752234341
2011-08-20 09:00:00,177.69511451361646
2011-08-20 10:00:00,280.1681106986667
2011-08-20 11:00:00,327.64130255718175
2011-08-20 12:00:00,411.8523560077947
2011-08-20 13:00:00,393.9133413755871
2011-08-20 14:00:00,420.16976126019273
2011-08-20 15:00:00,413.96945469645186
2011-08-20 16:00:00,430.8026867798996
2011-08-20 17:00:00,397.94435959599207
2011-08-20 18:00:00,348.0856596725942
2011-08-20 19:00:00,315.91393893418945
2011-08-20 20:00:00,265.9739692755226
2011-08-20 21:00:00,226.04257827953023
2011-08-20 22:00:00,157.65420610390643
2011-08-20 23:00:00,152.19093817544393
2011-08-21 00:00:00,115.99632859550438
2011-08-21 01:00:00,80.38910132829386
2011-08-21 02:00:00,63.38014003852361
2011-08-21 03:00:00,32.030894674897354
2011-08-21 04:00:00,10.21323615835113
2011-08-21 05:00:00,7.708938768202696
2011-08-21 06:00:00,13.2345229233666
2011-08-21 07:00:00,36.610313135809236
2011-08-21 08:00:00,80.59405370878132
2011-08-21 09:00:00,172.95290221919512
2011-08-21 10:00:00,264.4914233346126
2011-08-21 11:00:00,341.4094832659635
2011-08-21 12:00:00,356.6184199924761
2011-08-21 13:00:00,399.60292453698645
2011-08-21 14:00:00,308.53791942797915
2011-08-21 15:00:00,241.61757535467987
2011-08-21 16:00:00,326.16655951996694
2011-08-21 17:00:00,291.3645247415145
2011-08-21 18:00:00,274.30684880337645
2011-08-21 19:00:00,278.379452036783
2011-08-21 20:00:00,195.01519300074582
2011-08-21 21:00:00,165.33301109673255
2011-08-21 22:00:00,117.08315391743376
2011-08-21 23:00:00,90.20052697989169
2011-08-22 00:00:00,34.99047021171403
2011-08-22 01:00:00,16.162211830089568
2011-08-22 02:00:00,10.771747412687047
2011-08-22 03:00:00,6.784587036823766
2011-08-22 04:00:00,6.780847862884683
2011-08-22 05:00:00,23.522167592321487
2011-08-22 06:00:00,100.70936401922117
2011-08-22 07:00:00,274.7378370113877
2011-08-22 08:00:00,441.8182402084113
2011-08-22 09:00:00,201.40983341007
2011-08-22 10:00:00,122.99942768571495
2011-08-22 11:00:00,147.71839481671464
2011-08-22 12:00:00,190.06406253085592
2011-08-22 13:00:00,187.05208768898711
2011-08-22 14:00:00,169.01515310923048
2011-08-22 15:00:00,175.11445864554176
2011-08-22 16:00:00,284.2800046264311
2011-08-22 17:00:00,539.6330247054104
2011-08-22 18:00:00,544.8464450024351
2011-08-22 19:00:00,377.46600567829523
2011-08-22 20:00:00,303.88135443526437
2011-08-22 21:00:00,222.03515369675716
2011-08-22 22:00:00,136.7345986945502
2011-08-22 23:00:00,85.62758067678025
2011-08-23 00:00:00,33.447448171141446
2011-08-23 01:00:00,14.233785626342268
2011-08-23 02:00:00,8.189778655368364
2011-08-23 03:00:00,5.153915105469353
2011-08-23 04:00:00,6.336442414672566
2011-08-23 05:00:00,25.421785664038143
2011-08-23 06:00:00,123.06916398839456
2011-08-23 07:00:00,318.8499808486476
2011-08-23 08:00:00,487.0062292523235
2011-08-23 09:00:00,242.70091061833656
2011-08-23 10:00:00,142.41085028896794
2011-08-23 11:00:00,162.80782651360101
2011-08-23 12:00:00,216.67822894598135
2011-08-23 13:00:00,197.04380636335821
2011-08-23 14:00:00,182.54914205382016
2011-08-23 15:00:00,206.32862378461766
2011-08-23 16:00:00,310.49967032276976
2011-08-23 17:00:00,634.4565113995643
2011-08-23 18:00:00,608.6462520841777
2011-08-23 19:00:00,425.67843070407946
2011-08-23 20:00:00,332.23219635121745
2011-08-23 21:00:00,241.00196071572205
2011-08-23 22:00:00,179.62698100071677
2011-08-23 23:00:00,104.51100506042002
2011-08-24 00:00:00,43.299760535627854
2011-08-24 01:00:00,17.448267990949056
2011-08-24 02:00:00,8.464701297712187
2011-08-24 03:00:00,6.066715658056596
2011-08-24 04:00:00,7.128537271195736
2011-08-24 05:00:00,30.466661917446984
2011-08-24 06:00:00,129.19061813384778
2011-08-24 07:00:00,322.8942234057616
2011-08-24 08:00:00,425.9806983973576
2011-08-24 09:00:00,219.15106590259097
2011-08-24 10:00:00,126.07626639696163
2011-08-24 11:00:00,156.27924196516125
2011-08-24 12:00:00,182.57229239581736
2011-08-24 13:00:00,180.1721940917499
2011-08-24 14:00:00,164.10915905553225
2011-08-24 15:00:00,178.6095606997785
2011-08-24 16:00:00,276.82445346262267
2011-08-24 17:00:00,540.814934472996
2011-08-24 18:00:00,545.4404034554685
2011-08-24 19:00:00,396.74353338097745
2011-08-24 20:00:00,281.3057520503195
2011-08-24 21:00:00,230.44654014194052
2011-08-24 22:00:00,158.93080620001285
2011-08-24 23:00:00,89.59215974119905
2011-08-25 00:00:00,46.68355451720929
2011-08-25 01:00:00,22.30073809562888
2011-08-25 02:00:00,13.359468374158707
2011-08-25 03:00:00,6.793404788393922
2011-08-25 04:00:00,8.571266925127011
2011-08-25 05:00:00,35.61211642396386
2011-08-25 06:00:00,107.76170227038537
2011-08-25 07:00:00,291.3162575266379
2011-08-25 08:00:00,452.5550875816122
2011-08-25 09:00:00,235.19822589306204
2011-08-25 10:00:00,138.9725801371191
2011-08-25 11:00:00,98.07245215891504
2011-08-25 12:00:00,110.54565730889145
2011-08-25 13:00:00,140.7822886015507
2011-08-25 14:00:00,132.1669208387128
2011-08-25 15:00:00,172.41064187941274
2011-08-25 16:00:00,228.98178838789025
2011-08-25 17:00:00,445.33882107411597
2011-08-25 18:00:00,357.7091411418199
2011-08-25 19:00:00,383.3160626507143
2011-08-25 20:00:00,260.754463066733
2011-08-25 21:00:00,191.97746376271462
2011-08-25 22:00:00,157.35396209406846
2011-08-25 23:00:00,106.76382624174482
2011-08-26 00:00:00,46.41262823488072
2011-08-26 01:00:00,23.974321212630528
2011-08-26 02:00:00,11.469354495380955
2011-08-26 03:00:00,7.114680088820916
2011-08-26 04:00:00,5.782291891480056
2011-08-26 05:00:00,20.889954762004532
2011-08-26 06:00:00,87.07252338703576
2011-08-26 07:00:00,215.72531546402584
2011-08-26 08:00:00,437.48620598793235
2011-08-26 09:00:00,246.0774480079788
2011-08-26 10:00:00,153.21959263151984
2011-08-26 11:00:00,182.67169653541546
2011-08-26 12:00:00,223.99526926163986
2011-08-26 13:00:00,221.95483387319217
2011-08-26 14:00:00,199.3987646136586
2011-08-26 15:00:00,224.5935930709442
2011-08-26 16:00:00,318.3255403376888
2011-08-26 17:00:00,496.26861979684776
2011-08-26 18:00:00,399.57918555903194
2011-08-26 19:00:00,298.04276028704123
2011-08-26 20:00:00,239.8539895769336
2011-08-26 21:00:00,192.36467675497985
2011-08-26 22:00:00,170.04792991591214
2011-08-26 23:00:00,154.44644672186243
2011-08-27 00:00:00,96.38552437835375
2011-08-27 01:00:00,79.58936426911269
2011-08-27 02:00:00,51.029186650169294
2011-08-27 03:00:00,23.921661643411248
2011-08-27 04:00:00,8.739499462799376
2011-08-27 05:00:00,9.322380191202203
2011-08-27 06:00:00,18.17256496805847
2011-08-27 07:00:00,42.0044419113946
2011-08-27 08:00:00,98.13019646546704
2011-08-27 09:00:00,177.15968729569997
2011-08-27 10:00:00,237.5826813912875
2011-08-27 11:00:00,149.4668742237033
2011-08-27 12:00:00,214.3161269539639
2011-08-27 13:00:00,239.4582416730167
2011-08-27 14:00:00,61.33146271892335
2011-08-27 15:00:00,61.3875570975857
2011-08-27 16:00:00,64.0703959979298
2011-08-27 17:00:00,44.462588380837076
2011-08-28 07:00:00,23.163105185543955
2011-08-28 08:00:00,68.74711657251017
2011-08-28 09:00:00,171.7126864087776
2011-08-28 10:00:00,313.6257985033303
2011-08-28 11:00:00,323.3714803006761
2011-08-28 12:00:00,430.37487775462506
2011-08-28 13:00:00,429.267834167491
2011-08-28 14:00:00,411.349892706862
2011-08-28 15:00:00,412.569159068901
2011-08-28 16:00:00,434.7849732792353
2011-08-28 17:00:00,360.6593370952999
2011-08-28 18:00:00,328.9690298232992
2011-08-28 19:00:00,260.12539305580157
2011-08-28 20:00:00,206.620093174776
2011-08-28 21:00:00,180.74464098455869
2011-08-28 22:00:00,129.4782826516897
2011-08-28 23:00:00,79.12482800232289
2011-08-29 00:00:00,48.995070153809465
2011-08-29 01:00:00,19.496999424021528
2011-08-29 02:00:00,10.4845103992781
2011-08-29 03:00:00,6.743687889100334
2011-08-29 04:00:00,7.502507798822058
2011-08-29 05:00:00,29.712120931471944
2011-08-29 06:00:00,132.1344152756111
2011-08-29 07:00:00,289.4654120714404
2011-08-29 08:00:00,406.38925801299786
2011-08-29 09:00:00,200.90550242708304
2011-08-29 10:00:00,113.81981818655291
2011-08-29 11:00:00,131.10716558186735
2011-08-29 12:00:00,204.31870619454972
2011-08-29 13:00:00,228.22186496209656
2011-08-29 14:00:00,187.13460894799113
2011-08-29 15:00:00,191.96409362431922
2011-08-29 16:00:00,304.77483001433023
2011-08-29 17:00:00,545.4537233220806
2011-08-29 18:00:00,519.4607931948602
2011-08-29 19:00:00,379.51114509703115
2011-08-29 20:00:00,314.042642141376
2011-08-29 21:00:00,224.93429921891308
2011-08-29 22:00:00,152.33854011345656
2011-08-29 23:00:00,76.0746171636954
2011-08-30 00:00:00,40.29914501118058
2011-08-30 01:00:00,15.286493930819146
2011-08-30 02:00:00,9.296104561053669
2011-08-30 03:00:00,6.4632817125898585
2011-08-30 04:00:00,6.950137000107395
2011-08-30 05:00:00,26.90585257194005
2011-08-30 06:00:00,134.1826092565394
2011-08-30 07:00:00,304.68078487813676
2011-08-30 08:00:00,465.7814626312603
2011-08-30 09:00:00,209.82951145069183
2011-08-30 10:00:00,144.4834726108583
2011-08-30 11:00:00,159.27370422632774
2011-08-30 12:00:00,208.29683230416464
2011-08-30 13:00:00,192.24394167485042
2011-08-30 14:00:00,178.21558106927233
2011-08-30 15:00:00,189.56837343317014
2011-08-30 16:00:00,314.04518547307185
2011-08-30 17:00:00,596.0460454621267
2011-08-30 18:00:00,577.386620132591
2011-08-30 19:00:00,415.50186599288935
2011-08-30 20:00:00,312.27897582562315
2011-08-30 21:00:00,213.2881922899659
2011-08-30 22:00:00,172.93188383169172
2011-08-30 23:00:00,100.68136773423757
2011-08-31 00:00:00,33.96558498281044
2011-08-31 01:00:00,13.738272261215792
2011-08-31 02:00:00,8.798110639123795
2011-08-31 03:00:00,6.533857452002633
2011-08-31 04:00:00,6.94345081520714
2011-08-31 05:00:00,27.49306593647096
2011-08-31 06:00:00,118.2794281784414
2011-08-31 07:00:00,305.13319324404085
2011-08-31 08:00:00,429.73228564491023
2011-08-31 09:00:00,203.82698968537977
2011-08-31 10:00:00,129.9072101899992
2011-08-31 11:00:00,149.5322426162983
2011-08-31 12:00:00,183.2074594100903
2011-08-31 13:00:00,192.4065870959544
2011-08-31 14:00:00,168.72426619387815
2011-08-31 15:00:00,183.09934107232655
2011-08-31 16:00:00,295.65635326404765
2011-08-31 17:00:00,554.3799230500758
2011-08-31 18:00:00,567.1195447541269
2011-08-31 19:00:00,378.1598452310055
2011-08-31 20:00:00,318.0408351580156
2011-08-31 21:00:00,247.90489582147893
2011-08-31 22:00:00,157.18621481361797
2011-08-31 23:00:00,81.65710788799036
2011-09-20 00:00:00,34.550944615803864
2011-09-20 01:00:00,12.628322415230867
2011-09-20 02:00:00,6.431044459742562
2011-09-20 03:00:00,5.056923338618401
2011-09-20 04:00:00,5.707742054002163
2011-09-20 05:00:00,20.97087085493188
2011-09-20 06:00:00,92.05173828816665
2011-09-20 07:00:00,260.917593838024
2011-09-20 08:00:00,158.7320119923337
2011-09-20 09:00:00,65.91281474597152
2011-09-20 10:00:00,62.25820379166505
2011-09-20 11:00:00,64.90236443527478
2011-09-20 12:00:00,87.7810929057013
2011-09-20 13:00:00,101.906671882471
2011-09-20 14:00:00,91.56897127324235
2011-09-20 15:00:00,142.63456253191973
2011-09-20 16:00:00,183.1596292420609
2011-09-20 17:00:00,388.466203954557
2011-09-20 18:00:00,361.5100187175526
2011-09-20 19:00:00,246.78797330211643
2011-09-20 20:00:00,142.6813100206455
2011-09-20 21:00:00,103.2242548632168
2011-09-20 22:00:00,83.42130264027118
2011-09-20 23:00:00,61.4640804239049
2011-09-21 00:00:00,22.159544154815425
2011-09-21 01:00:00,9.754937065740224
2011-09-21 02:00:00,6.496949097065997
2011-09-21 03:00:00,4.425394235642107
2011-09-21 04:00:00,5.0680458085838564
2011-09-21 05:00:00,10.73444497199023
2011-09-21 06:00:00,54.282709980975376
2011-09-21 07:00:00,138.72578383432813
2011-09-21 08:00:00,211.42608148271543
2011-09-21 09:00:00,86.12226408388631
2011-09-21 10:00:00,88.42803259059818
2011-09-21 11:00:00,107.56542986460629
2011-09-21 12:00:00,139.90351962354157
2011-09-21 13:00:00,151.68082196398754
2011-09-21 14:00:00,138.72960571944813
2011-09-21 15:00:00,149.04288132124273
2011-09-21 16:00:00,236.74199237704738
2011-09-21 17:00:00,396.21433932203735
2011-09-21 18:00:00,236.91270020207745
2011-09-21 19:00:00,80.3369124499569
2011-09-21 20:00:00,58.565395213539745
2011-09-21 21:00:00,86.44796997150269
2011-09-21 22:00:00,56.03955460587727
2011-09-21 23:00:00,70.12650418590732
2011-09-22 00:00:00,28.644741893135077
2011-09-22 01:00:00,10.655709988695971
2011-09-22 02:00:00,7.722019766711704
2011-09-22 03:00:00,5.081371196688097
2011-09-22 04:00:00,5.151277082369633
2011-09-22 05:00:00,19.93957185267448
2011-09-22 06:00:00,84.88640002305806
2011-09-22 07:00:00,195.70814865156038
2011-09-22 08:00:00,206.17880394384332
2011-09-22 09:00:00,127.62154612442342
2011-09-22 10:00:00,104.9160999935543
2011-09-22 11:00:00,110.0686494995003
2011-09-22 12:00:00,146.6911073027804
2011-09-22 13:00:00,122.85350757010117
2011-09-22 14:00:00,113.00657798118526
2011-09-22 15:00:00,146.9549357459205
2011-09-22 16:00:00,241.0153082939357
2011-09-22 17:00:00,506.57430139366534
2011-09-22 18:00:00,298.3360839400403
2011-09-22 19:00:00,210.38220090515185
2011-09-22 20:00:00,121.46287780307468
2011-09-22 21:00:00,115.4562036024893
2011-09-22 22:00:00,70.65477048124343
2011-09-22 23:00:00,56.23204643044037
2011-09-23 00:00:00,45.76040121097132
2011-09-23 01:00:00,13.37662881820786
2011-09-23 02:00:00,10.168359959794785
2011-09-23 03:00:00,6.2668053672847375
2011-09-23 04:00:00,4.4053652214699435
2011-09-23 05:00:00,24.215942306934892
2011-09-23 06:00:00,92.06127668338392
2011-09-23 07:00:00,179.61368286283667
2011-09-23 08:00:00,364.8515148749736
2011-09-23 09:00:00,112.93970846273213
2011-09-23 10:00:00,63.63734284397069
2011-09-23 11:00:00,88.30903020332357
2011-09-23 12:00:00,136.5641694370547
2011-09-23 13:00:00,95.59243020339012
2011-09-23 14:00:00,87.82411419851412
2011-09-23 15:00:00,162.03342957089356
2011-09-23 16:00:00,190.27117867026936
2011-09-23 17:00:00,285.20866858753584
2011-09-23 18:00:00,293.81277617893164
2011-09-23 19:00:00,293.54749771881575
2011-09-23 20:00:00,215.55277580708716
2011-09-23 21:00:00,150.70278706453487
2011-09-23 22:00:00,155.7532945331314
2011-09-23 23:00:00,92.86494871150165
2011-09-24 00:00:00,88.96706870234502
2011-09-24 01:00:00,67.28764026446522
2011-09-24 02:00:00,48.385431512771646
2011-09-24 03:00:00,26.490721033719353
2011-09-24 04:00:00,10.570586972370853
2011-09-24 05:00:00,8.971059251743124
2011-09-24 06:00:00,17.232324404154767
2011-09-24 07:00:00,48.56828640656949
2011-09-24 08:00:00,67.29803717307615
2011-09-24 09:00:00,176.49326052496164
2011-09-24 10:00:00,246.52027278303066
2011-09-24 11:00:00,243.44393161501137
2011-09-24 12:00:00,289.7454354692725
2011-09-24 13:00:00,325.35894051135847
2011-09-24 14:00:00,322.71418606624815
2011-09-24 15:00:00,326.08806862793233
2011-09-24 16:00:00,348.32764489049396
2011-09-24 17:00:00,333.50138298318456
2011-09-24 18:00:00,254.2087192129563
2011-09-24 19:00:00,240.56461426624847
2011-09-24 20:00:00,181.90402383568212
2011-09-24 21:00:00,165.52628566618387
2011-09-24 22:00:00,140.36422261432284
2011-09-24 23:00:00,113.63863939239484
2011-09-25 00:00:00,84.23455974853196
2011-09-25 01:00:00,81.50180692368926
2011-09-25 02:00:00,37.05871583960907
2011-09-25 03:00:00,18.839766469619196
2011-09-25 04:00:00,8.172882141285585
2011-09-25 05:00:00,10.941410928388503
2011-09-25 06:00:00,15.662744642035264
2011-09-25 07:00:00,28.528919360461213
2011-09-25 08:00:00,90.54682782736015
2011-09-25 09:00:00,139.51018891348505
2011-09-25 10:00:00,206.20570845736736
2011-09-25 11:00:00,359.9033501165467
2011-09-25 12:00:00,457.77960390514556
2011-09-25 13:00:00,351.8358202037225
2011-09-25 14:00:00,438.9294413686028
2011-09-25 15:00:00,444.1862990336962
2011-09-25 16:00:00,448.4952368568724
2011-09-25 17:00:00,340.5640649511767
2011-09-25 18:00:00,297.14050892565325
2011-09-25 19:00:00,175.29600418096067
2011-09-25 20:00:00,164.41038019378362
2011-09-25 21:00:00,104.46196683654377
2011-09-25 22:00:00,146.36967461382102
2011-09-25 23:00:00,78.06343629618921
2011-09-26 00:00:00,32.82343462549208
2011-09-26 01:00:00,16.65597150422061
2011-09-26 02:00:00,8.300893023958954
2011-09-26 03:00:00,5.1843152444513585
2011-09-26 04:00:00,7.466155231314054
2011-09-26 05:00:00,26.076046353709007
2011-09-26 06:00:00,86.72251009731623
2011-09-26 07:00:00,227.6544081189565
2011-09-26 08:00:00,382.0735456020415
2011-09-26 09:00:00,190.89367267768193
2011-09-26 10:00:00,100.26740307900803
2011-09-26 11:00:00,116.94121484998725
2011-09-26 12:00:00,148.0372715531123
2011-09-26 13:00:00,152.6227550939117
2011-09-26 14:00:00,179.7070440637234
2011-09-26 15:00:00,193.1533528221701
2011-09-26 16:00:00,325.4591979440076
2011-09-26 17:00:00,601.5293555217888
2011-09-26 18:00:00,446.9572823144535
2011-09-26 19:00:00,314.39027982650026
2011-09-26 20:00:00,218.49209283722752
2011-09-26 21:00:00,146.72423374401535
2011-09-26 22:00:00,114.45967270289869
2011-09-26 23:00:00,81.088134056207
2011-09-27 00:00:00,31.95656522357809
2011-09-27 01:00:00,14.086375203358159
2011-09-27 02:00:00,8.136899358534649
2011-09-27 03:00:00,5.036198388705012
2011-09-27 04:00:00,7.183372972253675
2011-09-27 05:00:00,19.7766043012673
2011-09-27 06:00:00,98.49769720750494
2011-09-27 07:00:00,253.25979736392102
2011-09-27 08:00:00,522.2011366139814
2011-09-27 09:00:00,188.70433704700628
2011-09-27 10:00:00,81.20641413735949
2011-09-27 11:00:00,138.7463682246685
2011-09-27 12:00:00,154.32114907345192
2011-09-27 13:00:00,156.24580458403133
2011-09-27 14:00:00,137.2302776582278
2011-09-27 15:00:00,146.86700496087138
2011-09-27 16:00:00,214.89451244633597
2011-09-27 17:00:00,385.7742331329931
2011-09-27 18:00:00,349.36265649104195
2011-09-27 19:00:00,282.2308336329108
2011-09-27 20:00:00,258.1628270814613
2011-09-27 21:00:00,173.51177140774817
2011-09-27 22:00:00,130.7406840201221
2011-09-27 23:00:00,78.59845733304536
2011-09-28 00:00:00,34.9649118861484
2011-09-28 01:00:00,14.380513689442934
2011-09-28 02:00:00,7.481980525926118
2011-09-28 03:00:00,4.968194071815074
2011-09-28 04:00:00,6.712140762899634
2011-09-28 05:00:00,19.967070007177206
2011-09-28 06:00:00,49.196908523269386
2011-09-28 07:00:00,128.07627091567733
2011-09-28 08:00:00,269.0687949675267
2011-09-28 09:00:00,131.69001972812256
2011-09-28 10:00:00,89.11066417758762
2011-09-28 11:00:00,128.0215358831715
2011-09-28 12:00:00,157.20451053947448
2011-09-28 13:00:00,159.2149948728429
2011-09-28 14:00:00,169.07039509644065
2011-09-28 15:00:00,186.60753204626988
2011-09-28 16:00:00,306.5439876189825
2011-09-28 17:00:00,588.1659358232448
2011-09-28 18:00:00,340.82821503776705
2011-09-28 19:00:00,249.49068411067128
2011-09-28 20:00:00,94.40185747289259
2011-09-28 21:00:00,82.37155165654731
2011-09-28 22:00:00,135.32839268466367
2011-09-28 23:00:00,83.82659592150954
2011-09-29 00:00:00,31.446135681354257
2011-09-29 01:00:00,10.161509029330421
2011-09-29 02:00:00,6.862095415178306
2011-09-29 03:00:00,5.401709641121603
2011-09-29 04:00:00,6.052527104006526
2011-09-29 05:00:00,25.618405987202642
2011-09-29 06:00:00,110.61690686736127
2011-09-29 07:00:00,343.32989927421164
2011-09-29 08:00:00,505.6843439973619
2011-09-29 09:00:00,210.23672800511923
2011-09-29 10:00:00,146.59683797510587
2011-09-29 11:00:00,168.1927285252766
2011-09-29 12:00:00,206.91346797083978
2011-09-29 13:00:00,198.5734569016323
2011-09-29 14:00:00,173.70301797760345
2011-09-29 15:00:00,188.84097987146714
2011-09-29 16:00:00,318.3298670753324
2011-09-29 17:00:00,519.5790707425001
2011-09-29 18:00:00,546.905516674176
2011-09-29 19:00:00,392.8891739946682
2011-09-29 20:00:00,297.48789846390684
2011-09-29 21:00:00,191.90600428825465
2011-09-29 22:00:00,160.00880321096258
2011-09-29 23:00:00,95.01079276596798
2011-09-30 00:00:00,46.33761251673297
2011-09-30 01:00:00,28.792722351835486
2011-09-30 02:00:00,11.4107639685012
2011-09-30 03:00:00,6.87045148800814
2011-09-30 04:00:00,6.395070561550554
2011-09-30 05:00:00,25.095628649162315
2011-09-30 06:00:00,101.7012496710098
2011-09-30 07:00:00,247.92930198132618
2011-09-30 08:00:00,507.9233148068709
2011-09-30 09:00:00,298.04203684780833
2011-09-30 10:00:00,179.24003657187637
2011-09-30 11:00:00,222.33810601658539
2011-09-30 12:00:00,254.86266663306944
2011-09-30 13:00:00,223.6622820600081
2011-09-30 14:00:00,205.87549341342046
2011-09-30 15:00:00,233.15705179735488
2011-09-30 16:00:00,380.8015640478819
2011-09-30 17:00:00,597.9392836671509
2011-09-30 18:00:00,432.29733708192657
2011-09-30 19:00:00,276.4093278177069
2011-09-30 20:00:00,205.04667036461942
2011-09-30 21:00:00,161.0430884572026
2011-09-30 22:00:00,138.14108255517175
2011-09-30 23:00:00,102.18467427301174
2011-10-20 00:00:00,26.469648413255193
2011-10-20 01:00:00,13.600997840020547
2011-10-20 02:00:00,6.5120408703060075
2011-10-20 03:00:00,5.819638953595639
2011-10-20 04:00:00,5.592853386289129
2011-10-20 05:00:00,24.77412630413513
2011-10-20 06:00:00,108.18550229008339
2011-10-20 07:00:00,284.1046096385935
2011-10-20 08:00:00,511.3036203651264
2011-10-20 09:00:00,232.27069404609176
2011-10-20 10:00:00,133.04217478793385
2011-10-20 11:00:00,151.06528777368854
2011-10-20 12:00:00,190.12363259578157
2011-10-20 13:00:00,180.60700095904832
2011-10-20 14:00:00,157.91211457672748
2011-10-20 15:00:00,151.68406001039187
2011-10-20 16:00:00,222.6657061953499
2011-10-20 17:00:00,462.27476894692364
2011-10-20 18:00:00,400.9925806545608
2011-10-20 19:00:00,283.3602751889329
2011-10-20 20:00:00,199.60270055297258
2011-10-20 21:00:00,161.10802326537285
2011-10-20 22:00:00,127.11874080932822
2011-10-20 23:00:00,79.72428750966036
2011-10-21 00:00:00,58.7285296315695
2011-10-21 01:00:00,27.57785514735635
2011-10-21 02:00:00,10.66806768127657
2011-10-21 03:00:00,6.139919804065086
2011-10-21 04:00:00,5.718376447233718
2011-10-21 05:00:00,21.43687805669402
2011-10-21 06:00:00,96.43289020746276
2011-10-21 07:00:00,216.389818159573
2011-10-21 08:00:00,494.75471047809896
2011-10-21 09:00:00,240.84900514033248
2011-10-21 10:00:00,149.16702745004727
2011-10-21 11:00:00,191.82086774750408
2011-10-21 12:00:00,220.10251651962054
2011-10-21 13:00:00,214.78994202153626
2011-10-21 14:00:00,198.02002627342694
2011-10-21 15:00:00,215.9850935961021
2011-10-21 16:00:00,303.8899897318999
2011-10-21 17:00:00,453.55796833167227
2011-10-21 18:00:00,392.03148042493814
2011-10-21 19:00:00,269.80451328249916
2011-10-21 20:00:00,198.47611293037505
2011-10-21 21:00:00,159.70976857746558
2011-10-21 22:00:00,146.64948481590756
2011-10-21 23:00:00,119.86483543328954
2011-10-22 00:00:00,105.46598989647987
2011-10-22 01:00:00,78.65126483514697
2011-10-22 02:00:00,52.2012323879726
2011-10-22 03:00:00,25.771471654085584
2011-10-22 04:00:00,7.768692750952643
2011-10-22 05:00:00,7.315690588073973
2011-10-22 06:00:00,16.27086582409835
2011-10-22 07:00:00,31.68988910778519
2011-10-22 08:00:00,114.21219173318762
2011-10-22 09:00:00,168.49558969010585
2011-10-22 10:00:00,239.815489838126
2011-10-22 11:00:00,287.6279871741275
2011-10-22 12:00:00,377.8727986302601
2011-10-22 13:00:00,423.88563696652056
2011-10-22 14:00:00,348.0095370303094
2011-10-22 15:00:00,336.79491759636227
2011-10-22 16:00:00,363.21262241428394
2011-10-22 17:00:00,311.91665950698746
2011-10-22 18:00:00,293.9577469065053
2011-10-22 19:00:00,208.98421013911386
2011-10-22 20:00:00,169.1169236484548
2011-10-22 21:00:00,143.28954554754006
2011-10-22 22:00:00,128.21485601491548
2011-10-22 23:00:00,96.37303849644637
2011-10-23 00:00:00,57.50023737059735
2011-10-23 01:00:00,53.1442656768033
2011-10-23 02:00:00,43.41395682508691
2011-10-23 03:00:00,21.22094026950536
2011-10-23 04:00:00,8.155487081563074
2011-10-23 05:00:00,6.657905605807182
2011-10-23 06:00:00,10.219639038734643
2011-10-23 07:00:00,25.305925644825432
2011-10-23 08:00:00,62.85329130145133
2011-10-23 09:00:00,151.2629032784145
2011-10-23 10:00:00,250.3575205534528
2011-10-23 11:00:00,294.76834772883393
2011-10-23 12:00:00,344.73022272020984
2011-10-23 13:00:00,330.0585359345583
2011-10-23 14:00:00,319.64247055492234
2011-10-23 15:00:00,354.9836860274591
2011-10-23 16:00:00,318.0001410046122
2011-10-23 17:00:00,308.58768450744435
2011-10-23 18:00:00,257.4383450995102
2011-10-23 19:00:00,224.34452803936648
2011-10-23 20:00:00,169.15785786662224
2011-10-23 21:00:00,136.63969262807709
2011-10-23 22:00:00,107.66339533624024
2011-10-23 23:00:00,69.6806600954903
2011-10-24 00:00:00,36.959473299635334
2011-10-24 01:00:00,15.63334524433546
2011-10-24 02:00:00,8.503870451303674
2011-10-24 03:00:00,5.933501064600774
2011-10-24 04:00:00,8.198998083078358
2011-10-24 05:00:00,24.942839432466602
2011-10-24 06:00:00,120.57799985762625
2011-10-24 07:00:00,225.37417713183606
2011-10-24 08:00:00,480.50219391022495
2011-10-24 09:00:00,215.55016178524673
2011-10-24 10:00:00,98.26968034147144
2011-10-24 11:00:00,151.62103331971363
2011-10-24 12:00:00,183.1705842933233
2011-10-24 13:00:00,186.69161315639633
2011-10-24 14:00:00,169.78459425296722
2011-10-24 15:00:00,190.81736615138135
2011-10-24 16:00:00,283.95647745055066
2011-10-24 17:00:00,541.1712841260121
2011-10-24 18:00:00,491.1036481805541
2011-10-24 19:00:00,215.59966253284583
2011-10-24 20:00:00,219.1246637025263
2011-10-24 21:00:00,169.75863169846923
2011-10-24 22:00:00,112.42109718108745
2011-10-24 23:00:00,64.91336824795864
2011-10-25 00:00:00,33.894925895877094
2011-10-25 01:00:00,14.58195983058474
2011-10-25 02:00:00,6.176756555982325
2011-10-25 03:00:00,4.724945021677242
2011-10-25 04:00:00,5.95027212258821
2011-10-25 05:00:00,23.608945322544166
2011-10-25 06:00:00,109.35634343120572
2011-10-25 07:00:00,284.9609691092927
2011-10-25 08:00:00,558.8458892961273
2011-10-25 09:00:00,224.33754295597487
2011-10-25 10:00:00,130.0340752799908
2011-10-25 11:00:00,144.35112107240786
2011-10-25 12:00:00,185.21863490837623
2011-10-25 13:00:00,167.59185990941225
2011-10-25 14:00:00,160.5912997097185
2011-10-25 15:00:00,182.31738926743571
2011-10-25 16:00:00,256.8409074486771
2011-10-25 17:00:00,502.2715898874802
2011-10-25 18:00:00,492.80636612215267
2011-10-25 19:00:00,298.40343609866295
2011-10-25 20:00:00,220.5828551292818
2011-10-25 21:00:00,193.05872693216767
2011-10-25 22:00:00,120.13787828731233
2011-10-25 23:00:00,83.22758389989514
2011-10-26 00:00:00,44.70271860314158
2011-10-26 01:00:00,14.349561307600396
2011-10-26 02:00:00,7.423495912340701
2011-10-26 03:00:00,5.297024707021408
2011-10-26 04:00:00,5.66024550447188
2011-10-26 05:00:00,24.319090468151348
2011-10-26 06:00:00,109.93548734710775
2011-10-26 07:00:00,299.65877236279755
2011-10-26 08:00:00,420.8137605732165
2011-10-26 09:00:00,235.76296555814417
2011-10-26 10:00:00,123.79541816068655
2011-10-26 11:00:00,135.4837910736695
2011-10-26 12:00:00,160.46617758814926
2011-10-26 13:00:00,110.11500241253292
2011-10-26 14:00:00,123.51853981252731
2011-10-26 15:00:00,140.7732981481219
2011-10-26 16:00:00,213.0847744188786
2011-10-26 17:00:00,407.0969198800034
2011-10-26 18:00:00,432.5773181439118
2011-10-26 19:00:00,281.88293769423444
2011-10-26 20:00:00,231.75888572705045
2011-10-26 21:00:00,155.18585813927615
2011-10-26 22:00:00,109.77586666546442
2011-10-26 23:00:00,64.88729405505775
2011-10-27 00:00:00,33.960261491533025
2011-10-27 01:00:00,14.951167260224345
2011-10-27 02:00:00,5.459258747205419
2011-10-27 03:00:00,3.8966334137343215
2011-10-27 04:00:00,5.142953744441568
2011-10-27 05:00:00,20.54796644003079
2011-10-27 06:00:00,65.67946438740945
2011-10-27 07:00:00,262.41763121599104
2011-10-27 08:00:00,295.71250209529904
2011-10-27 09:00:00,213.6233947688103
2011-10-27 10:00:00,76.26607554268121
2011-10-27 11:00:00,97.29914519973977
2011-10-27 12:00:00,105.24970931581925
2011-10-27 13:00:00,146.30982207538543
2011-10-27 14:00:00,118.68889931735869
2011-10-27 15:00:00,135.4668054550008
2011-10-27 16:00:00,261.0976307261762
2011-10-27 17:00:00,354.26404940813285
2011-10-27 18:00:00,356.3706004916731
2011-10-27 19:00:00,242.0575001968253
2011-10-27 20:00:00,192.21420954961118
2011-10-27 21:00:00,119.42872425358786
2011-10-27 22:00:00,88.86324754878684
2011-10-27 23:00:00,61.94743454001608
2011-10-28 00:00:00,41.39563815674915
2011-10-28 01:00:00,20.22762700730527
2011-10-28 02:00:00,9.568303145380654
2011-10-28 03:00:00,5.365330217580613
2011-10-28 04:00:00,5.235674326483022
2011-10-28 05:00:00,20.614611635905337
2011-10-28 06:00:00,83.94110651019027
2011-10-28 07:00:00,188.62235474432015
2011-10-28 08:00:00,423.08978223961316
2011-10-28 09:00:00,228.4764349017068
2011-10-28 10:00:00,125.76185919568155
2011-10-28 11:00:00,132.07520873068773
2011-10-28 12:00:00,188.2215147275812
2011-10-28 13:00:00,183.97550929400256
2011-10-28 14:00:00,156.59856666125307
2011-10-28 15:00:00,159.73786909236142
2011-10-28 16:00:00,236.28572437933292
2011-10-28 17:00:00,344.3908082197311
2011-10-28 18:00:00,307.6307868577621
2011-10-28 19:00:00,199.84072716858887
2011-10-28 20:00:00,102.67507457286055
2011-10-28 21:00:00,69.20947930140552
2011-10-28 22:00:00,57.35438474785029
2011-10-28 23:00:00,41.05893530111663
2011-10-29 00:00:00,39.421378479850134
2011-10-29 01:00:00,34.41840383393237
2011-10-29 02:00:00,26.116305768478302
2011-10-29 03:00:00,16.125937387264955
2011-10-29 04:00:00,6.1269561498146645
2011-10-29 05:00:00,5.056750616298128
2011-10-29 06:00:00,8.568401981185621
2011-10-29 07:00:00,18.997288830063358
2011-10-29 08:00:00,51.42882214564071
2011-10-29 09:00:00,81.58537499704903
2011-10-29 10:00:00,114.89587470983476
2011-10-29 11:00:00,89.7834545863631
2011-10-29 12:00:00,61.10500174311692
2011-10-29 13:00:00,17.795346660800117
2011-10-29 14:00:00,64.32062560633835
2011-10-29 15:00:00,142.57821224809157
2011-10-29 16:00:00,101.36920643376367
2011-10-29 17:00:00,90.52069287978073
2011-10-29 18:00:00,70.72947494453771
2011-10-29 19:00:00,92.41724417009485
2011-10-29 20:00:00,78.15862075531062
2011-10-29 21:00:00,69.7598868303007
2011-10-29 22:00:00,72.57155591716996
2011-10-29 23:00:00,74.29756274827685
2011-10-30 00:00:00,55.81860923135037
2011-10-30 01:00:00,51.75727862843628
2011-10-30 02:00:00,32.46662544898184
2011-10-30 03:00:00,24.10203541707506
2011-10-30 04:00:00,6.344132053986137
2011-10-30 05:00:00,5.886485052118448
2011-10-30 06:00:00,10.851702519508624
2011-10-30 07:00:00,23.799623775672796
2011-10-30 08:00:00,65.59804399641385
2011-10-30 09:00:00,120.47917033341795
2011-10-30 10:00:00,192.32575875712527
2011-10-30 11:00:00,215.94180327381798
2011-10-30 12:00:00,292.9496806323168
2011-10-30 13:00:00,350.8292556171829
2011-10-30 14:00:00,330.68524510409776
2011-10-30 15:00:00,351.2708758072683
2011-10-30 16:00:00,368.0235431391128
2011-10-30 17:00:00,281.08769311333725
2011-10-30 18:00:00,173.77623793099042
2011-10-30 19:00:00,193.89544751491235
2011-10-30 20:00:00,115.08944181915807
2011-10-30 21:00:00,85.83600807812486
2011-10-30 22:00:00,72.1176329369179
2011-10-30 23:00:00,47.51377512521389
2011-10-31 00:00:00,20.213208921880376
2011-10-31 01:00:00,9.544658412191126
2011-10-31 02:00:00,4.951439963435811
2011-10-31 03:00:00,4.72905064717304
2011-10-31 04:00:00,6.545190741498068
2011-10-31 05:00:00,21.390844060006042
2011-10-31 06:00:00,96.66455978679807
2011-10-31 07:00:00,227.6765307671921
2011-10-31 08:00:00,406.916163040252
2011-10-31 09:00:00,207.5918987352206
2011-10-31 10:00:00,113.90802753099072
2011-10-31 11:00:00,136.3676827865326
2011-10-31 12:00:00,180.10309203414582
2011-10-31 13:00:00,180.8989317942575
2011-10-31 14:00:00,150.13913948442547
2011-10-31 15:00:00,166.39151697486912
2011-10-31 16:00:00,255.29196577597546
2011-10-31 17:00:00,488.6989323611363
2011-10-31 18:00:00,439.65806585283514
2011-10-31 19:00:00,305.26598238113763
2011-10-31 20:00:00,222.59711685609676
2011-10-31 21:00:00,116.23274113034459
2011-10-31 22:00:00,84.5744749315842
2011-10-31 23:00:00,46.254675998900176
2011-11-20 00:00:00,87.59863544043793
2011-11-20 01:00:00,77.62841807152117
2011-11-20 02:00:00,51.23341237205827
2011-11-20 03:00:00,22.358399660549235
2011-11-20 04:00:00,8.075155857450609
2011-11-20 05:00:00,6.833295268000364
2011-11-20 06:00:00,12.148595423044767
2011-11-20 07:00:00,34.76712474091003
2011-11-20 08:00:00,68.21206782744373
2011-11-20 09:00:00,166.26505978196127
2011-11-20 10:00:00,215.80655864221168
2011-11-20 11:00:00,273.4372501671585
2011-11-20 12:00:00,358.19791076585676
2011-11-20 13:00:00,353.45819782419545
2011-11-20 14:00:00,340.7046172894794
2011-11-20 15:00:00,346.38423765257795
2011-11-20 16:00:00,323.92374803458637
2011-11-20 17:00:00,286.96728674718224
2011-11-20 18:00:00,270.2661008378294
2011-11-20 19:00:00,175.4269115485814
2011-11-20 20:00:00,152.79457156649522
2011-11-20 21:00:00,128.83236031966715
2011-11-20 22:00:00,81.1621912524499
2011-11-20 23:00:00,57.56179260924957
2011-11-21 00:00:00,22.920613764350705
2011-11-21 01:00:00,8.414989766208363
2011-11-21 02:00:00,6.09750042032821
2011-11-21 03:00:00,4.856693340276535
2011-11-21 04:00:00,6.460319855350512
2011-11-21 05:00:00,17.803612837413695
2011-11-21 06:00:00,72.9999063305322
2011-11-21 07:00:00,239.6255086421254
2011-11-21 08:00:00,390.0684619702467
2011-11-21 09:00:00,196.05444724702315
2011-11-21 10:00:00,108.16070358946384
2011-11-21 11:00:00,119.50083087501557
2011-11-21 12:00:00,154.41390626040524
2011-11-21 13:00:00,149.55365549317492
2011-11-21 14:00:00,110.22154263710044
2011-11-21 15:00:00,97.2441143032476
2011-11-21 16:00:00,152.09974829293193
2011-11-21 17:00:00,275.2616212822655
2011-11-21 18:00:00,303.7075164332454
2011-11-21 19:00:00,182.42063913486342
2011-11-21 20:00:00,137.54086676500083
2011-11-21 21:00:00,125.22986709998933
2011-11-21 22:00:00,86.99702139529998
2011-11-21 23:00:00,52.27384933478208
2011-11-22 00:00:00,12.88687215467067
2011-11-22 01:00:00,7.466275049956078
2011-11-22 02:00:00,4.394388494896565
2011-11-22 03:00:00,3.3465913690815126
2011-11-22 04:00:00,4.480783757980316
2011-11-22 05:00:00,12.839780535137615
2011-11-22 06:00:00,78.72581372118084
2011-11-22 07:00:00,104.18189736973801
2011-11-22 08:00:00,188.63506409941863
2011-11-22 09:00:00,94.79223538544747
2011-11-22 10:00:00,42.39129423013612
2011-11-22 11:00:00,62.14568947056873
2011-11-22 12:00:00,72.31981768656331
2011-11-22 13:00:00,90.66969119696802
2011-11-22 14:00:00,81.94099343031029
2011-11-22 15:00:00,69.46292519857187
2011-11-22 16:00:00,110.82717636806
2011-11-22 17:00:00,296.42743989773123
2011-11-22 18:00:00,202.59626208209687
2011-11-22 19:00:00,189.7058920936146
2011-11-22 20:00:00,179.7906390248043
2011-11-22 21:00:00,149.6656450874687
2011-11-22 22:00:00,85.06986677194543
2011-11-22 23:00:00,75.43044872080664
2011-11-23 00:00:00,24.39667280893135
2011-11-23 01:00:00,9.853845734238249
2011-11-23 02:00:00,7.13607788846923
2011-11-23 03:00:00,5.609233062902186
2011-11-23 04:00:00,6.217780536778481
2011-11-23 05:00:00,19.31551955806811
2011-11-23 06:00:00,70.34876118634696
2011-11-23 07:00:00,177.3550082409941
2011-11-23 08:00:00,396.345243143095
2011-11-23 09:00:00,170.62148239803363
2011-11-23 10:00:00,84.62331457338172
2011-11-23 11:00:00,109.85618965937773
2011-11-23 12:00:00,164.68951783188803
2011-11-23 13:00:00,150.64804499510248
2011-11-23 14:00:00,143.71452530306752
2011-11-23 15:00:00,153.2699426274826
2011-11-23 16:00:00,205.27899401705469
2011-11-23 17:00:00,241.25712211781456
2011-11-23 18:00:00,357.11941385435733
2011-11-23 19:00:00,214.83202706070182
2011-11-23 20:00:00,155.10304260993257
2011-11-23 21:00:00,116.08412069879759
2011-11-23 22:00:00,90.24803885988321
2011-11-23 23:00:00,47.00285367250463
2011-11-24 00:00:00,47.918203388425674
2011-11-24 01:00:00,26.426612821441356
2011-11-24 02:00:00,17.156361774533167
2011-11-24 03:00:00,9.698767381546043
2011-11-24 04:00:00,7.256054250107109
2011-11-24 05:00:00,11.6039972076826
2011-11-24 06:00:00,28.415314636511557
2011-11-24 07:00:00,63.15463877944545
2011-11-24 08:00:00,153.64719985683692
2011-11-24 09:00:00,160.177096891548
2011-11-24 10:00:00,192.6031339346176
2011-11-24 11:00:00,222.06667352063354
2011-11-24 12:00:00,291.31644777661893
2011-11-24 13:00:00,281.22055158548864
2011-11-24 14:00:00,280.9728772521206
2011-11-24 15:00:00,285.65514861100064
2011-11-24 16:00:00,322.1382906858633
2011-11-24 17:00:00,347.63605060053663
2011-11-24 18:00:00,314.5089182686292
2011-11-24 19:00:00,268.5604593934291
2011-11-24 20:00:00,149.11706688945418
2011-11-24 21:00:00,133.6815254390949
2011-11-24 22:00:00,113.14885775233031
2011-11-24 23:00:00,68.3040108780743
2011-11-25 00:00:00,36.81210340715916
2011-11-25 01:00:00,17.798401499978073
2011-11-25 02:00:00,8.47697282384268
2011-11-25 03:00:00,5.579903773749846
2011-11-25 04:00:00,5.488215825731385
2011-11-25 05:00:00,18.8130394202952
2011-11-25 06:00:00,90.23022805727499
2011-11-25 07:00:00,208.0605173611196
2011-11-25 08:00:00,440.188068986709
2011-11-25 09:00:00,220.89354204282117
2011-11-25 10:00:00,136.84667114982878
2011-11-25 11:00:00,182.97426755789718
2011-11-25 12:00:00,217.63360640065412
2011-11-25 13:00:00,221.73423065607116
2011-11-25 14:00:00,202.91963771411002
2011-11-25 15:00:00,218.58536478355526
2011-11-25 16:00:00,320.3929488609579
2011-11-25 17:00:00,506.8775065241784
2011-11-25 18:00:00,398.32782047544083
2011-11-25 19:00:00,259.3113165943485
2011-11-25 20:00:00,206.67931879893965
2011-11-25 21:00:00,141.13768042102166
2011-11-25 22:00:00,123.51465941363922
2011-11-25 23:00:00,88.95040782521957
2011-11-26 00:00:00,63.68029879565483
2011-11-26 01:00:00,52.0604473716586
2011-11-26 02:00:00,37.799203672342955
2011-11-26 03:00:00,19.35941234376119
2011-11-26 04:00:00,7.5995643257475365
2011-11-26 05:00:00,6.76850145828606
2011-11-26 06:00:00,11.478915494841413
2011-11-26 07:00:00,31.62825361115429
2011-11-26 08:00:00,82.13606890975478
2011-11-26 09:00:00,130.50951722996956
2011-11-26 10:00:00,191.7090251226267
2011-11-26 11:00:00,307.9722716457316
2011-11-26 12:00:00,400.88316253248655
2011-11-26 13:00:00,394.7310180683415
2011-11-26 14:00:00,357.97176900142614
2011-11-26 15:00:00,364.2752954329404
2011-11-26 16:00:00,322.1155983178991
2011-11-26 17:00:00,290.9990031035955
2011-11-26 18:00:00,266.29246861238545
2011-11-26 19:00:00,221.47361987220648
2011-11-26 20:00:00,161.7321769988054
2011-11-26 21:00:00,101.63893732946582
2011-11-26 22:00:00,96.7872461517506
2011-11-26 23:00:00,86.85372217149019
2011-11-27 00:00:00,72.65030882326916
2011-11-27 01:00:00,66.05997436680985
2011-11-27 02:00:00,47.35571450565705
2011-11-27 03:00:00,21.22094026950536
2011-11-27 04:00:00,7.8665480167730735
2011-11-27 05:00:00,5.768270330764373
2011-11-27 06:00:00,13.26521642069369
2011-11-27 07:00:00,23.29733643817643
2011-11-27 08:00:00,71.10337976274813
2011-11-27 09:00:00,145.19266871320062
2011-11-27 10:00:00,220.59014453767247
2011-11-27 11:00:00,302.95836931724074
2011-11-27 12:00:00,352.5854356494517
2011-11-27 13:00:00,376.5640047912705
2011-11-27 14:00:00,426.3741148658906
2011-11-27 15:00:00,412.8954339593703
2011-11-27 16:00:00,336.0089681173368
2011-11-27 17:00:00,308.73922721040964
2011-11-27 18:00:00,265.06115886646376
2011-11-27 19:00:00,186.77339356401038
2011-11-27 20:00:00,153.50555923741507
2011-11-27 21:00:00,110.83895933829372
2011-11-27 22:00:00,93.90694150270737
2011-11-27 23:00:00,58.97825343283039
2011-11-28 00:00:00,33.77903966077901
2011-11-28 01:00:00,14.057874461826664
2011-11-28 03:00:00,5.667606415639983
2011-11-28 04:00:00,8.072859431363252
2011-11-28 05:00:00,27.62652464607129
2011-11-28 06:00:00,118.80617901683003
2011-11-28 07:00:00,328.44722055397506
2011-11-28 08:00:00,390.0684619702467
2011-11-28 09:00:00,210.9541876439854
2011-11-28 10:00:00,119.40679393630359
2011-11-28 11:00:00,146.40223961998882
2011-11-28 12:00:00,197.57100365114022
2011-11-28 13:00:00,172.71283527832267
2011-11-28 14:00:00,176.84546091094526
2011-11-28 15:00:00,190.81736615138135
2011-11-28 16:00:00,273.89640376479815
2011-11-28 17:00:00,505.0207720086694
2011-11-28 18:00:00,510.5965101101507
2011-11-28 19:00:00,378.6142136291234
2011-11-28 20:00:00,238.8467570695223
2011-11-28 21:00:00,150.51888254094382
2011-11-28 22:00:00,109.56245624605089
2011-11-28 23:00:00,57.01376855859346
2011-11-29 00:00:00,28.33743682394541
2011-11-29 01:00:00,13.253261829789885
2011-11-29 02:00:00,5.05850895385203
2011-11-29 03:00:00,4.3760948253007275
2011-11-29 04:00:00,5.8751092291467915
2011-11-29 05:00:00,24.661455007328517
2011-11-29 06:00:00,106.02712361606072
2011-11-29 07:00:00,295.42947633202846
2011-11-29 08:00:00,424.38093923989754
2011-11-29 09:00:00,198.38155721636105
2011-11-29 10:00:00,105.96614520360936
2011-11-29 11:00:00,65.34445190622026
2011-11-29 12:00:00,88.07305406599299
2011-11-29 13:00:00,84.46896983212103
2011-11-29 14:00:00,71.81557053510217
2011-11-29 15:00:00,76.13702998499014
2011-11-29 16:00:00,110.82519130420684
2011-11-29 17:00:00,297.2634739978737
2011-11-29 18:00:00,271.0617421071027
2011-11-29 19:00:00,186.3486847456201
2011-11-29 20:00:00,138.0808231341006
2011-11-29 21:00:00,115.52649006364787
2011-11-29 22:00:00,94.37551165716094
2011-11-29 23:00:00,34.20810174842183
2011-11-30 00:00:00,33.998908582562265
2011-11-30 01:00:00,9.860463434126498
2011-11-30 02:00:00,5.643998033672359
2011-11-30 03:00:00,4.47919813215109
2011-11-30 04:00:00,5.288083536169199
2011-11-30 05:00:00,21.490372109518685
2011-11-30 06:00:00,98.22761128598499
2011-11-30 07:00:00,258.0144265269477
2011-11-30 08:00:00,418.15959532887814
2011-11-30 09:00:00,187.35389358039993
2011-11-30 10:00:00,113.42713831840283
2011-11-30 11:00:00,127.24530473595463
2011-11-30 12:00:00,137.21826991052697
2011-11-30 13:00:00,142.72018399820905
2011-11-30 14:00:00,128.47521275264756
2011-11-30 15:00:00,126.40723680504802
2011-11-30 16:00:00,184.59912916175222
2011-11-30 17:00:00,360.8157086838701
2011-11-30 18:00:00,322.7359060830828
2011-11-30 19:00:00,233.08629346623908
2011-11-30 20:00:00,167.73981730250446
2011-11-30 21:00:00,113.68801435517857
2011-11-30 22:00:00,92.53530441758019
2011-11-30 23:00:00,48.112063178409535
2011-12-20 00:00:00,23.07022556325396
2011-12-20 01:00:00,9.387157489192017
2011-12-20 02:00:00,5.265221176028254
2011-12-20 03:00:00,3.7391017878832917
2011-12-20 04:00:00,6.914441707640411
2011-12-20 05:00:00,21.731561792280036
2011-12-20 06:00:00,99.43812637180511
2011-12-20 07:00:00,238.09578083848962
2011-12-20 08:00:00,504.4903225993366
2011-12-20 09:00:00,204.80823400931186
2011-12-20 10:00:00,123.23725856234944
2011-12-20 11:00:00,144.26288272351093
2011-12-20 12:00:00,186.2471210124473
2011-12-20 13:00:00,179.4870130896771
2011-12-20 14:00:00,145.9944754160417
2011-12-20 15:00:00,162.57696146469542
2011-12-20 16:00:00,251.88479277100316
2011-12-20 17:00:00,493.8735287916544
2011-12-20 18:00:00,387.96778108891425
2011-12-20 19:00:00,256.3354384150215
2011-12-20 20:00:00,174.71574562177796
2011-12-20 21:00:00,124.90779031749898
2011-12-20 22:00:00,94.86863289718221
2011-12-20 23:00:00,68.23968173877839
2011-12-21 00:00:00,14.88644041078565
2011-12-21 01:00:00,5.961977225045485
2011-12-21 02:00:00,3.7945794804560147
2011-12-21 03:00:00,2.868282997946838
2011-12-21 04:00:00,2.773515301658891
2011-12-21 05:00:00,9.941649368561766
2011-12-21 06:00:00,35.245059891342265
2011-12-21 07:00:00,101.40755585935878
2011-12-21 08:00:00,130.78180260509913
2011-12-21 09:00:00,125.48470988538108
2011-12-21 10:00:00,60.02224269715677
2011-12-21 11:00:00,63.244100801453165
2011-12-21 12:00:00,41.06611723756686
2011-12-21 13:00:00,32.8841150443259
2011-12-21 14:00:00,58.50190697077156
2011-12-21 15:00:00,68.1536478162171
2011-12-21 16:00:00,25.265697086543472
2011-12-21 17:00:00,51.794953081171585
2011-12-21 18:00:00,103.05369805383535
2011-12-21 19:00:00,115.93737105660801
2011-12-21 20:00:00,77.30253812617774
2011-12-21 21:00:00,121.78582599226591
2011-12-21 22:00:00,91.39294757849092
2011-12-21 23:00:00,49.13350974625341
2011-12-22 00:00:00,16.990936970247652
2011-12-22 01:00:00,11.082931383613854
2011-12-22 02:00:00,6.6414017793389934
2011-12-22 03:00:00,4.32223976707285
2011-12-22 04:00:00,2.696925935499278
2011-12-22 05:00:00,11.878125887425778
2011-12-22 06:00:00,37.59087120429412
2011-12-22 07:00:00,103.56561936718157
2011-12-22 08:00:00,233.40267988052852
2011-12-22 09:00:00,128.06866198463575
2011-12-22 10:00:00,76.05159973377441
2011-12-22 11:00:00,81.95716183613678
2011-12-22 12:00:00,97.8344473939219
2011-12-22 13:00:00,99.22244797874971
2011-12-22 14:00:00,86.83362499729058
2011-12-22 15:00:00,102.10687540175665
2011-12-22 16:00:00,133.69691118566107
2011-12-22 17:00:00,252.18770003042934
2011-12-22 18:00:00,269.1380608347314
2011-12-22 19:00:00,177.94228543193142
2011-12-22 20:00:00,81.27406246739869
2011-12-22 21:00:00,64.13072643845211
2011-12-22 22:00:00,35.56175431505161
2011-12-22 23:00:00,31.659069767589866
2011-12-23 00:00:00,18.471502285006753
2011-12-23 01:00:00,11.331005056064035
2011-12-23 02:00:00,6.812033978254321
2011-12-23 03:00:00,3.520119671045992
2011-12-23 04:00:00,2.049260916481274
2011-12-23 05:00:00,7.400642700525983
2011-12-23 06:00:00,37.74600488214794
2011-12-23 07:00:00,104.61899426602523
2011-12-23 08:00:00,272.1014326902019
2011-12-23 09:00:00,164.68928910972875
2011-12-23 10:00:00,94.19051726131374
2011-12-23 11:00:00,106.08017563991956
2011-12-23 12:00:00,138.0799702707158
2011-12-23 13:00:00,115.1501552801703
2011-12-23 14:00:00,112.65716479431853
2011-12-23 15:00:00,98.81662564123354
2011-12-23 16:00:00,115.10814796641877
2011-12-23 17:00:00,206.68503773158008
2011-12-23 18:00:00,157.72664246716468
2011-12-23 19:00:00,128.492509242659
2011-12-23 20:00:00,82.61060140219517
2011-12-23 21:00:00,64.10992073167886
2011-12-23 22:00:00,60.53209259213332
2011-12-23 23:00:00,45.90943367434615
2011-12-24 00:00:00,29.993426113316634
2011-12-24 01:00:00,19.856176973990518
2011-12-24 02:00:00,19.453696913350345
2011-12-24 03:00:00,8.744982654743703
2011-12-24 04:00:00,3.4397446050205915
2011-12-24 05:00:00,3.011553670580982
2011-12-24 06:00:00,4.051137972924631
2011-12-24 07:00:00,13.190002810897496
2011-12-24 08:00:00,41.890755943160976
2011-12-24 09:00:00,73.61751394796255
2011-12-24 10:00:00,98.04226540004046
2011-12-24 11:00:00,114.58141922275763
2011-12-24 12:00:00,135.98098316806417
2011-12-24 13:00:00,128.4960004531103
2011-12-24 14:00:00,122.69686830946398
2011-12-24 15:00:00,120.63020180841772
2011-12-24 16:00:00,112.06154392626023
2011-12-24 17:00:00,106.30817625712906
2011-12-24 18:00:00,89.71363980066589
2011-12-24 19:00:00,74.41843846247144
2011-12-24 20:00:00,58.17789218035906
2011-12-24 21:00:00,50.090703320369194
2011-12-24 22:00:00,44.783692375190796
2011-12-24 23:00:00,35.96641756166294
2011-12-25 00:00:00,33.4912800014884
2011-12-25 01:00:00,31.129164813320585
2011-12-25 02:00:00,28.28348042659208
2011-12-25 03:00:00,15.821303220477045
2011-12-25 05:00:00,2.4963621403889316
2011-12-25 06:00:00,3.24427619056204
2011-12-25 07:00:00,8.661469612459276
2011-12-25 08:00:00,29.38835108095404
2011-12-25 09:00:00,47.87637870981449
2011-12-25 10:00:00,66.70193826257449
2011-12-25 11:00:00,99.95747124230627
2011-12-25 12:00:00,85.39023269322209
2011-12-25 13:00:00,109.97039758643503
2011-12-25 14:00:00,98.50639055207704
2011-12-25 15:00:00,97.38759299040439
2011-12-25 16:00:00,110.16204426232031
2011-12-25 17:00:00,91.69781882064535
2011-12-25 18:00:00,82.32026347533098
2011-12-25 19:00:00,72.1014591773501
2011-12-25 20:00:00,48.18113218390157
2011-12-25 21:00:00,38.74858541558666
2011-12-25 22:00:00,30.699173796655874
2011-12-25 23:00:00,20.87613646958303
2011-12-26 00:00:00,20.200027608838962
2011-12-26 01:00:00,10.918990100593774
2011-12-26 02:00:00,9.987845192253475
2011-12-26 04:00:00,2.574033417548513
2011-12-26 05:00:00,3.3657153274867095
2011-12-26 06:00:00,7.762973321721925
2011-12-26 07:00:00,25.30056321538633
2011-12-26 08:00:00,63.46639357838872
2011-12-26 09:00:00,64.63905749338144
2011-12-26 10:00:00,73.77386063411502
2011-12-26 11:00:00,81.55805314060348
2011-12-26 12:00:00,89.47677471964494
2011-12-26 13:00:00,100.20763953487737
2011-12-26 14:00:00,100.17169548027137
2011-12-26 15:00:00,97.14943304394323
2011-12-26 16:00:00,85.26619680521193
2011-12-26 17:00:00,109.24998146894329
2011-12-26 18:00:00,99.80779537633327
2011-12-26 19:00:00,75.25972588436848
2011-12-26 20:00:00,60.88792161762429
2011-12-26 21:00:00,48.98711988901461
2011-12-26 22:00:00,35.45206531478062
2011-12-26 23:00:00,18.982321795235578
2011-12-27 00:00:00,12.157131709856614
2011-12-27 01:00:00,5.619503609102978
2011-12-27 02:00:00,3.3615940354010294
2011-12-27 03:00:00,2.6899437854926926
2011-12-27 04:00:00,2.6401403736289653
2011-12-27 05:00:00,8.490170734606243
2011-12-27 06:00:00,37.03504495625917
2011-12-27 07:00:00,98.10737159305438
2011-12-27 08:00:00,228.5330966559613
2011-12-27 09:00:00,80.13043644397821
2011-12-27 10:00:00,54.64798643529651
2011-12-27 11:00:00,42.07640667924838
2011-12-27 12:00:00,37.63218334280293
2011-12-27 13:00:00,38.674710266280606
2011-12-27 14:00:00,38.424005910725825
2011-12-27 15:00:00,43.965876255968944
2011-12-27 16:00:00,56.44897691241345
2011-12-27 17:00:00,204.26400833976783
2011-12-27 18:00:00,153.47704511011162
2011-12-27 19:00:00,131.04152661694366
2011-12-27 20:00:00,89.86738469983622
2011-12-27 21:00:00,58.63534766764933
2011-12-27 22:00:00,43.14508772489071
2011-12-27 23:00:00,31.325324478965857
2011-12-28 00:00:00,11.470175261243687
2011-12-28 01:00:00,6.156831615709831
2011-12-28 02:00:00,3.8791555088732825
2011-12-28 03:00:00,2.9556850572439672
2011-12-28 05:00:00,10.50357271257947
2011-12-28 06:00:00,47.526970821390776
2011-12-28 07:00:00,129.57183624969034
2011-12-28 08:00:00,292.9236760767941
2011-12-28 09:00:00,142.0615387338419
2011-12-28 10:00:00,72.4153976680631
2011-12-28 11:00:00,65.15835036973866
2011-12-28 12:00:00,75.47755599865766
2011-12-28 13:00:00,69.93202390712203
2011-12-28 14:00:00,64.6067632194185
2011-12-28 15:00:00,71.32098023692062
2011-12-28 16:00:00,98.97152365845157
2011-12-28 17:00:00,175.96593673248822
2011-12-28 18:00:00,158.54294504650218
2011-12-28 19:00:00,119.33455724823357
2011-12-28 20:00:00,85.66076000377376
2011-12-28 21:00:00,63.306008210455666
2011-12-28 22:00:00,41.732026641345094
2011-12-28 23:00:00,27.250946908118767
2011-12-29 00:00:00,13.05065652861777
2011-12-29 01:00:00,5.889637872123162
2011-12-29 02:00:00,3.803947711993239
2011-12-29 03:00:00,2.0746219825818106
2011-12-29 04:00:00,2.02702578479463
2011-12-29 05:00:00,8.14283699929058
2011-12-29 06:00:00,36.61292926608102
2011-12-29 07:00:00,106.82355003232013
2011-12-29 08:00:00,208.91078971014608
2011-12-29 09:00:00,117.80537832370291
2011-12-29 10:00:00,59.0775156279907
2011-12-29 11:00:00,65.87243804585034
2011-12-29 12:00:00,73.07733637482804
2011-12-29 13:00:00,69.7664738877829
2011-12-29 14:00:00,60.99379365573389
2011-12-29 15:00:00,66.3414605778342
2011-12-29 16:00:00,99.21845475470802
2011-12-29 17:00:00,194.8983420586072
2011-12-29 18:00:00,186.02306916218134
2011-12-29 19:00:00,126.58390579442045
2011-12-29 20:00:00,86.29550559194759
2011-12-29 21:00:00,64.91479280670266
2011-12-29 22:00:00,52.22728683595892
2011-12-29 23:00:00,35.52481821942666
2011-12-30 00:00:00,17.963447900848582
2011-12-30 01:00:00,8.513022487674503
2011-12-30 02:00:00,5.3464795006660335
2011-12-30 03:00:00,3.2761162296832773
2011-12-30 04:00:00,2.463699017745479
2011-12-30 05:00:00,8.1873448778131
2011-12-30 06:00:00,35.65188236377522
2011-12-30 07:00:00,78.84015224217116
2011-12-30 08:00:00,196.0852534150659
2011-12-30 09:00:00,103.54725003785894
2011-12-30 10:00:00,69.08622916191192
2011-12-30 11:00:00,85.38974793050379
2011-12-30 12:00:00,100.96373420707612
2011-12-30 13:00:00,91.00385114718324
2011-12-30 14:00:00,105.73260177469442
2011-12-30 15:00:00,128.604436053915
2011-12-30 16:00:00,152.68769706805324
2011-12-30 17:00:00,211.6208987230182
2011-12-30 18:00:00,170.5419016764522
2011-12-30 19:00:00,111.62238242109012
2011-12-30 20:00:00,76.61756128127404
2011-12-30 21:00:00,57.38864823732943
2011-12-30 22:00:00,55.590988584816046
2011-12-30 23:00:00,40.51044551533316
2011-12-31 00:00:00,31.211415402791847
2011-12-31 01:00:00,28.42380032540924
2011-12-31 02:00:00,22.395607091313252
2011-12-31 03:00:00,10.366757288696148
2011-12-31 04:00:00,3.2809277014146176
2011-12-31 05:00:00,2.4653828738523207
2011-12-31 06:00:00,7.379594678053692
2011-12-31 07:00:00,9.101229083928782
2011-12-31 08:00:00,41.47494792479519
2011-12-31 09:00:00,58.60503755248386
2011-12-31 10:00:00,105.15650604356077
2011-12-31 11:00:00,155.66268169060805
2011-12-31 12:00:00,205.24964287939403
2011-12-31 13:00:00,200.81338225482776
2011-12-31 14:00:00,169.70138144095233
2011-12-31 15:00:00,163.3937551519867
2011-12-31 16:00:00,162.27090382348214
2011-12-31 17:00:00,161.79320961305822
2011-12-31 18:00:00,150.14479310998675
2011-12-31 19:00:00,122.88516665503776
2011-12-31 20:00:00,95.25792093890412
2011-12-31 21:00:00,83.49639535733078
2011-12-31 22:00:00,61.79347802970114
2011-12-31 23:00:00,38.97223594750603
2012-01-20 00:00:00,34.03313396689059
2012-01-20 01:00:00,18.008467950630376
2012-01-20 02:00:00,10.180342952699402
2012-01-20 03:00:00,5.439133525884955
2012-01-20 04:00:00,4.8100629606859435
2012-01-20 05:00:00,19.547145928712094
2012-01-20 06:00:00,80.1541421963356
2012-01-20 07:00:00,219.05666791069157
2012-01-20 08:00:00,478.73682310186524
2012-01-20 09:00:00,245.54413917460963
2012-01-20 10:00:00,130.42739218182797
2012-01-20 11:00:00,113.89245031719106
2012-01-20 12:00:00,153.42566545463268
2012-01-20 13:00:00,187.6555816481208
2012-01-20 14:00:00,145.06924213187963
2012-01-20 15:00:00,164.56192544225735
2012-01-20 16:00:00,218.0174118547357
2012-01-20 17:00:00,360.8716381744955
2012-01-20 18:00:00,312.04849021556606
2012-01-20 19:00:00,197.7496271989127
2012-01-20 20:00:00,140.28804513401877
2012-01-20 21:00:00,108.78891784125588
2012-01-20 22:00:00,69.06025012120708
2012-01-20 23:00:00,39.13088255919758
2012-01-21 00:00:00,41.07060608924419
2012-01-21 01:00:00,42.741383541176354
2012-01-21 02:00:00,28.868369425861047
2012-01-21 03:00:00,14.650934593789565
2012-01-21 04:00:00,4.747020921974338
2012-01-21 05:00:00,4.69461930550121
2012-01-21 06:00:00,7.585760107754092
2012-01-21 07:00:00,19.627497558476538
2012-01-21 08:00:00,67.22051175560328
2012-01-21 09:00:00,103.36983527287857
2012-01-21 10:00:00,80.40419383122669
2012-01-21 11:00:00,162.00632792083107
2012-01-21 12:00:00,249.50589515271244
2012-01-21 13:00:00,191.8174970133878
2012-01-21 14:00:00,117.21696351343752
2012-01-21 15:00:00,133.33028959734585
2012-01-21 16:00:00,186.08943647320024
2012-01-21 17:00:00,191.15212109328556
2012-01-21 18:00:00,154.43596206056495
2012-01-21 19:00:00,136.9979295385446
2012-01-21 20:00:00,92.10310713406301
2012-01-21 21:00:00,98.24123979147949
2012-01-21 22:00:00,73.7035674944786
2012-01-21 23:00:00,93.56095416106885
2012-01-22 00:00:00,59.90983016651655
2012-01-22 01:00:00,50.79370828872545
2012-01-22 02:00:00,44.001702706132306
2012-01-22 03:00:00,17.461120697485438
2012-01-22 04:00:00,5.156419314174908
2012-01-22 05:00:00,5.411957745791802
2012-01-22 06:00:00,8.188044378691007
2012-01-22 07:00:00,22.35731014367505
2012-01-22 08:00:00,57.63943360965869
2012-01-22 09:00:00,112.95081183557865
2012-01-22 10:00:00,159.60634501490162
2012-01-22 11:00:00,99.41019561742789
2012-01-22 12:00:00,172.0274007916538
2012-01-22 13:00:00,208.55619101805783
2012-01-22 14:00:00,203.2982123259827
2012-01-22 15:00:00,188.43227614506316
2012-01-22 16:00:00,185.7424161825474
2012-01-22 17:00:00,186.10916872275905
2012-01-22 18:00:00,103.96373790205371
2012-01-22 19:00:00,91.2495838701579
2012-01-22 20:00:00,60.65920849873154
2012-01-22 21:00:00,49.91454486107345
2012-01-22 22:00:00,56.87760064036722
2012-01-22 23:00:00,44.339392940314156
2012-01-23 00:00:00,13.829084715259018
2012-01-23 01:00:00,8.189571489630092
2012-01-23 02:00:00,4.407382999929678
2012-01-23 03:00:00,3.173750167890083
2012-01-23 04:00:00,4.373588161322858
2012-01-23 05:00:00,15.435248107595221
2012-01-23 06:00:00,66.65748704280993
2012-01-23 07:00:00,106.00033839349867
2012-01-23 08:00:00,223.2874399442512
2012-01-23 09:00:00,182.4684373687565
2012-01-23 10:00:00,78.32957453706317
2012-01-23 11:00:00,78.37050272296129
2012-01-23 12:00:00,88.34013208677875
2012-01-23 13:00:00,56.001496708806464
2012-01-23 14:00:00,43.236240910367904
2012-01-23 15:00:00,108.83180018183089
2012-01-23 16:00:00,141.74924514365821
2012-01-23 17:00:00,306.91361452527053
2012-01-23 18:00:00,258.3080368523484
2012-01-23 19:00:00,195.71132548676144
2012-01-23 20:00:00,213.18621679296518
2012-01-23 21:00:00,168.04829789813473
2012-01-23 22:00:00,104.1164319633801
2012-01-23 23:00:00,28.642464418624858
2012-01-24 00:00:00,10.366059928842882
2012-01-24 01:00:00,6.194151644897034
2012-01-24 02:00:00,4.325920138141971
2012-01-24 03:00:00,3.458163718017957
2012-01-24 04:00:00,7.01634999521282
2012-01-24 05:00:00,25.44490482893062
2012-01-24 06:00:00,66.45382656449134
2012-01-24 07:00:00,216.74764665459057
2012-01-24 08:00:00,441.8440232219924
2012-01-24 09:00:00,205.7047489385535
2012-01-24 10:00:00,85.92987503246195
2012-01-24 11:00:00,103.08651211120173
2012-01-24 12:00:00,116.35381144644676
2012-01-24 13:00:00,110.07677113065301
2012-01-24 14:00:00,90.06314623477319
2012-01-24 15:00:00,171.2644482761719
2012-01-24 16:00:00,262.29366032264153
2012-01-24 17:00:00,498.61046126933684
2012-01-24 18:00:00,525.1892934179431
2012-01-24 19:00:00,380.3905943863801
2012-01-24 20:00:00,174.19974889689848
2012-01-24 21:00:00,150.7062769911094
2012-01-24 22:00:00,96.09096412259458
2012-01-24 23:00:00,53.643284881569805
2012-01-25 00:00:00,9.30471861203886
2012-01-25 01:00:00,8.782814480929753
2012-01-25 02:00:00,5.201562945148181
2012-01-25 03:00:00,4.4813873069716035
2012-01-25 04:00:00,3.613425152181336
2012-01-25 05:00:00,17.902986174365005
2012-01-25 06:00:00,114.4849955822779
2012-01-25 07:00:00,254.2684456815594
2012-01-25 08:00:00,473.4391613895308
2012-01-25 09:00:00,239.84527371826763
2012-01-25 10:00:00,101.24556450095004
2012-01-25 11:00:00,113.48920052352011
2012-01-25 12:00:00,165.2163211426743
2012-01-25 13:00:00,141.7646205363003
2012-01-25 14:00:00,121.06575238717632
2012-01-25 15:00:00,146.615463186455
2012-01-25 16:00:00,205.20180928220213
2012-01-25 17:00:00,424.09541456974205
2012-01-25 18:00:00,378.1602776625063
2012-01-25 19:00:00,269.8233325067092
2012-01-25 20:00:00,185.86581694265047
2012-01-25 21:00:00,119.39198234476915
2012-01-25 22:00:00,87.49989495113972
2012-01-25 23:00:00,44.49672825315119
2012-01-26 00:00:00,20.842780847827463
2012-01-26 01:00:00,9.25230562849523
2012-01-26 02:00:00,6.5701107531505105
2012-01-26 03:00:00,3.9587789469559986
2012-01-26 04:00:00,3.9472464681981383
2012-01-26 05:00:00,18.777312269045048
2012-01-26 06:00:00,91.17750745862459
2012-01-26 07:00:00,264.37611776362195
2012-01-26 08:00:00,502.070801580461
2012-01-26 09:00:00,261.07643833290507
2012-01-26 10:00:00,117.9594880645553
2012-01-26 11:00:00,106.18594311306417
2012-01-26 12:00:00,140.04704174593095
2012-01-26 13:00:00,171.90025279201615
2012-01-26 14:00:00,160.71453942822941
2012-01-26 15:00:00,182.04416354676695
2012-01-26 16:00:00,261.6226446450649
2012-01-26 17:00:00,523.368841272332
2012-01-26 18:00:00,495.67266847855177
2012-01-26 19:00:00,345.7717502318735
2012-01-26 20:00:00,206.06946966371694
2012-01-26 21:00:00,191.3119875461683
2012-01-26 22:00:00,133.97411262749108
2012-01-26 23:00:00,92.68085580434416
2012-01-27 00:00:00,37.008282013979226
2012-01-27 01:00:00,20.49144985614576
2012-01-27 02:00:00,14.844248094352293
2012-01-27 03:00:00,5.262507901498976
2012-01-27 04:00:00,5.515418194686018
2012-01-27 05:00:00,19.140728750960154
2012-01-27 06:00:00,88.57413869045777
2012-01-27 07:00:00,283.78125712568806
2012-01-27 08:00:00,265.0077954180876
2012-01-27 09:00:00,144.8050144483158
2012-01-27 10:00:00,55.37026401384015
2012-01-27 11:00:00,162.21735055118046
2012-01-27 12:00:00,223.2541974090278
2012-01-27 13:00:00,247.17262437366932
2012-01-27 14:00:00,202.48320431612217
2012-01-27 15:00:00,224.02340353199688
2012-01-27 16:00:00,275.32166726666225
2012-01-27 17:00:00,448.9306574372955
2012-01-27 18:00:00,428.4805793050401
2012-01-27 19:00:00,221.38503768395816
2012-01-27 20:00:00,178.00355568232803
2012-01-27 21:00:00,124.63789856086316
2012-01-27 22:00:00,109.69672526575026
2012-01-27 23:00:00,86.66492573551011
2012-01-28 00:00:00,57.4834306565797
2012-01-28 01:00:00,46.72869780630296
2012-01-28 02:00:00,35.606435776059044
2012-01-28 03:00:00,20.969439045887324
2012-01-28 04:00:00,6.305589023056844
2012-01-28 05:00:00,5.87819916911272
2012-01-28 06:00:00,12.612109306597189
2012-01-28 07:00:00,26.67932489378394
2012-01-28 08:00:00,85.72756906108818
2012-01-28 09:00:00,139.22346401351527
2012-01-28 10:00:00,204.0069037129088
2012-01-28 11:00:00,233.32235879284434
2012-01-28 12:00:00,259.0779903361754
2012-01-28 13:00:00,301.08876561855635
2012-01-28 14:00:00,302.39128421655903
2012-01-28 15:00:00,374.9417105912461
2012-01-28 16:00:00,382.64308340999605
2012-01-28 17:00:00,361.0160193926324
2012-01-28 18:00:00,282.87861113967307
2012-01-28 19:00:00,192.64695912937822
2012-01-28 20:00:00,183.51596584616806
2012-01-28 21:00:00,122.98127514125915
2012-01-28 22:00:00,99.98445096357706
2012-01-28 23:00:00,79.28374265283836
2012-01-29 00:00:00,94.83060924053581
2012-01-29 01:00:00,43.540043216663534
2012-01-29 02:00:00,38.44436947422881
2012-01-29 03:00:00,17.901238568187246
2012-01-29 04:00:00,4.4563451093756346
2012-01-29 05:00:00,5.286793131983238
2012-01-29 06:00:00,8.620208791533802
2012-01-29 07:00:00,26.078585580752947
2012-01-29 08:00:00,56.40333238964299
2012-01-29 09:00:00,107.75258417248061
2012-01-29 10:00:00,204.21484897584054
2012-01-29 11:00:00,191.58078637198525
2012-01-29 12:00:00,241.45594969980087
2012-01-29 13:00:00,253.57262955313976
2012-01-29 14:00:00,246.94205074593035
2012-01-29 15:00:00,245.0833748589675
2012-01-29 16:00:00,220.95264535430059
2012-01-29 17:00:00,189.18264167135698
2012-01-29 18:00:00,155.16071208253453
2012-01-29 19:00:00,121.02345031622282
2012-01-29 20:00:00,85.83885450625282
2012-01-29 21:00:00,70.15312834991536
2012-01-29 22:00:00,54.6594199423336
2012-01-29 23:00:00,28.208117143816864
2012-01-30 00:00:00,14.24050891360783
2012-01-30 01:00:00,5.598418719672483
2012-01-30 02:00:00,4.535387528390107
2012-01-30 03:00:00,3.3358961683360904
2012-01-30 04:00:00,3.9696135930185266
2012-01-30 05:00:00,15.247632493186726
2012-01-30 06:00:00,75.66020962642712
2012-01-30 07:00:00,219.86940794611832
2012-01-30 08:00:00,369.5736443164051
2012-01-30 09:00:00,192.85338707588255
2012-01-30 10:00:00,99.71183226268927
2012-01-30 11:00:00,116.66761021092435
2012-01-30 12:00:00,141.1017030528794
2012-01-30 13:00:00,164.361904824499
2012-01-30 14:00:00,135.86277697533802
2012-01-30 15:00:00,144.0366850176553
2012-01-30 16:00:00,195.13850483842066
2012-01-30 17:00:00,421.25504601824326
2012-01-30 18:00:00,373.90992198292673
2012-01-30 19:00:00,249.47810287757082
2012-01-30 20:00:00,176.20581637758403
2012-01-30 21:00:00,119.7727863714522
2012-01-30 22:00:00,74.41621178348396
2012-01-30 23:00:00,45.283457199301736
2012-01-31 00:00:00,17.44441247851809
2012-01-31 01:00:00,7.244964335945948
2012-01-31 02:00:00,5.710876467786204
2012-01-31 03:00:00,4.388084565273966
2012-01-31 04:00:00,4.4561081804258675
2012-01-31 05:00:00,18.69551465369213
2012-01-31 06:00:00,82.45708578367491
2012-01-31 07:00:00,264.9086070658664
2012-01-31 08:00:00,475.07250383854574
2012-01-31 09:00:00,240.4439901038053
2012-01-31 10:00:00,138.85779434989902
2012-01-31 11:00:00,162.05809817508833
2012-01-31 12:00:00,188.11294833703428
2012-01-31 13:00:00,198.82822642602255
2012-01-31 14:00:00,179.31456105155297
2012-01-31 15:00:00,190.06281965379685
2012-01-31 16:00:00,258.3335786007845
2012-01-31 17:00:00,576.6278747327079
2012-01-31 18:00:00,492.20848424599905
2012-01-31 19:00:00,365.8695365777509
2012-01-31 20:00:00,256.66570357991236
2012-01-31 21:00:00,173.5375517299184
2012-01-31 22:00:00,107.64936757362693
2012-01-31 23:00:00,62.17890336964356
2012-02-20 00:00:00,28.25237569554199
2012-02-20 01:00:00,18.791000692709364
2012-02-20 02:00:00,12.327864015022755
2012-02-20 03:00:00,7.5713294374401165
2012-02-20 05:00:00,6.446463070785172
2012-02-20 06:00:00,14.183896712745417
2012-02-20 07:00:00,47.53542688158012
2012-02-20 08:00:00,114.87170776471802
2012-02-20 09:00:00,128.5070861821571
2012-02-20 10:00:00,111.12276755169252
2012-02-20 11:00:00,149.52202057744168
2012-02-20 12:00:00,186.1425402716067
2012-02-20 13:00:00,171.4746807980289
2012-02-20 14:00:00,154.38694150104666
2012-02-20 15:00:00,157.15180272631278
2012-02-20 16:00:00,171.78424775393842
2012-02-20 17:00:00,228.49089290863347
2012-02-20 18:00:00,183.48727577860495
2012-02-20 19:00:00,148.80480563133304
2012-02-20 20:00:00,108.56457843042719
2012-02-20 21:00:00,91.57214888778891
2012-02-20 22:00:00,65.45993494771092
2012-02-20 23:00:00,33.162395502465614
2012-02-21 00:00:00,13.457016383863037
2012-02-21 01:00:00,7.59308517498497
2012-02-21 02:00:00,4.385971644252645
2012-02-21 04:00:00,3.826924059557461
2012-02-21 05:00:00,18.438080728562863
2012-02-21 06:00:00,76.12786075379883
2012-02-21 07:00:00,224.87992377613926
2012-02-21 08:00:00,420.3225686065955
2012-02-21 09:00:00,212.41584576876116
2012-02-21 10:00:00,115.2681443888841
2012-02-21 11:00:00,103.6789026855963
2012-02-21 12:00:00,144.32477160551232
2012-02-21 13:00:00,141.35583456898235
2012-02-21 14:00:00,124.56533927572544
2012-02-21 15:00:00,134.59027084290037
2012-02-21 16:00:00,184.79644063235355
2012-02-21 17:00:00,434.03357163248165
2012-02-21 18:00:00,414.52917988749687
2012-02-21 19:00:00,246.40610162650978
2012-02-21 20:00:00,201.12935241982174
2012-02-21 21:00:00,128.10953266431093
2012-02-21 22:00:00,96.319387408255
2012-02-21 23:00:00,53.792111872270226
2012-02-22 00:00:00,20.833100947435295
2012-02-22 01:00:00,8.833198720400903
2012-02-22 02:00:00,4.8949476108143495
2012-02-22 03:00:00,4.42213461515126
2012-02-22 04:00:00,4.243489385236828
2012-02-22 05:00:00,18.926660573374342
2012-02-22 06:00:00,94.69301528137659
2012-02-22 07:00:00,261.99171552628826
2012-02-22 08:00:00,444.68753969553126
2012-02-22 09:00:00,231.6880138129199
2012-02-22 10:00:00,125.98858003308754
2012-02-22 11:00:00,131.79249781492345
2012-02-22 12:00:00,186.07461723326463
2012-02-22 13:00:00,189.06369856541323
2012-02-22 14:00:00,169.5483698994863
2012-02-22 15:00:00,226.20766381474348
2012-02-22 16:00:00,268.27727390396655
2012-02-22 17:00:00,527.8501274571562
2012-02-22 18:00:00,447.29807971939215
2012-02-22 19:00:00,301.3733149994089
2012-02-22 20:00:00,220.68068453125426
2012-02-22 21:00:00,151.15995224956578
2012-02-22 22:00:00,104.83442968290932
2012-02-22 23:00:00,58.380310061518564
2012-02-23 00:00:00,29.568733253383126
2012-02-23 01:00:00,11.40521745666882
2012-02-23 02:00:00,8.110027366433423
2012-02-23 03:00:00,3.3439404555714014
2012-02-23 04:00:00,4.433702997822062
2012-02-23 05:00:00,23.106670325427658
2012-02-23 06:00:00,86.04902710363025
2012-02-23 07:00:00,251.01104599932032
2012-02-23 08:00:00,460.12756274717265
2012-02-23 09:00:00,229.96968133986448
2012-02-23 10:00:00,151.02073129451304
2012-02-23 11:00:00,168.96205165187286
2012-02-23 12:00:00,218.0545024288278
2012-02-23 13:00:00,216.02235023193901
2012-02-23 14:00:00,180.57472878765316
2012-02-23 15:00:00,214.39642679287093
2012-02-23 16:00:00,301.8137067557749
2012-02-23 17:00:00,567.7929321343208
2012-02-23 18:00:00,534.5958568284814
2012-02-23 19:00:00,390.8340644000762
2012-02-23 20:00:00,260.78574756425587
2012-02-23 21:00:00,206.05716307921014
2012-02-23 22:00:00,154.0977882516334
2012-02-23 23:00:00,112.69607280884162
2012-02-24 00:00:00,51.42213047977987
2012-02-24 01:00:00,27.454744568766806
2012-02-24 02:00:00,7.964843732711341
2012-02-24 03:00:00,6.99419091139023
2012-02-24 04:00:00,5.52487134369765
2012-02-24 05:00:00,20.700532213896203
2012-02-24 06:00:00,104.57404955753435
2012-02-24 07:00:00,244.0025103417527
2012-02-24 08:00:00,449.57476298401474
2012-02-24 09:00:00,124.30704487538453
2012-02-24 10:00:00,74.86065348496642
2012-02-24 11:00:00,133.1864048267703
2012-02-24 12:00:00,220.63362204849332
2012-02-24 13:00:00,210.28717869188097
2012-02-24 14:00:00,181.00834892814507
2012-02-24 15:00:00,85.35459972923123
2012-02-24 16:00:00,114.85187383152555
2012-02-24 17:00:00,276.65119223544144
2012-02-24 18:00:00,285.97800437564644
2012-02-24 19:00:00,294.30376844999455
2012-02-24 20:00:00,229.27288628408905
2012-02-24 21:00:00,130.73959052033038
2012-02-24 22:00:00,123.26026242462214
2012-02-24 23:00:00,82.08050252896835
2012-02-25 00:00:00,69.47710368457979
2012-02-25 01:00:00,51.407607410268355
2012-02-25 02:00:00,51.01526638871729
2012-02-25 03:00:00,20.535739049385956
2012-02-25 04:00:00,6.781738799573377
2012-02-25 05:00:00,6.51801614916957
2012-02-25 06:00:00,12.241633314956855
2012-02-25 07:00:00,41.82104652136101
2012-02-25 08:00:00,88.92718128313558
2012-02-25 09:00:00,64.76315362442563
2012-02-25 10:00:00,203.30599436567715
2012-02-25 11:00:00,218.46092833253346
2012-02-25 12:00:00,247.33900218289864
2012-02-25 13:00:00,384.50614531947423
2012-02-25 14:00:00,303.7152652157679
2012-02-25 15:00:00,332.65560719758565
2012-02-25 16:00:00,236.870321389903
2012-02-25 17:00:00,252.34387957928257
2012-02-25 18:00:00,189.55256790129735
2012-02-25 19:00:00,158.16713822329618
2012-02-25 20:00:00,110.73329830051
2012-02-25 21:00:00,109.15456417649088
2012-02-25 22:00:00,57.85540884711876
2012-02-25 23:00:00,62.78164724456578
2012-02-26 00:00:00,68.84317368180572
2012-02-26 01:00:00,55.57486747699323
2012-02-26 02:00:00,50.698919947945306
2012-02-26 03:00:00,23.48601074216865
2012-02-26 04:00:00,6.5004717265642675
2012-02-26 05:00:00,5.7781196542342865
2012-02-26 06:00:00,6.96364508523247
2012-02-26 07:00:00,17.742981007801518
2012-02-26 08:00:00,46.6547554551181
2012-02-26 09:00:00,103.83668269938121
2012-02-26 10:00:00,197.75859712860736
2012-02-26 11:00:00,219.62420456328093
2012-02-26 12:00:00,298.90518636421984
2012-02-26 13:00:00,306.5005010723937
2012-02-26 14:00:00,345.72817293996667
2012-02-26 15:00:00,281.1771985517804
2012-02-26 16:00:00,233.9896548344487
2012-02-26 17:00:00,208.3551688052425
2012-02-26 18:00:00,179.78681038929432
2012-02-26 19:00:00,135.00431009328227
2012-02-26 20:00:00,86.19810495811933
2012-02-26 21:00:00,74.6013123716898
2012-02-26 22:00:00,47.86218483297748
2012-02-26 23:00:00,38.43999931846972
2012-02-27 00:00:00,14.633327142895777
2012-02-27 01:00:00,7.067804869881709
2012-02-27 02:00:00,4.513624686512587
2012-02-27 03:00:00,4.134646002295484
2012-02-27 04:00:00,4.290786285793016
2012-02-27 05:00:00,18.402434284532294
2012-02-27 06:00:00,82.35932316518053
2012-02-27 07:00:00,249.46021640680866
2012-02-27 08:00:00,428.5606022868858
2012-02-27 09:00:00,233.61582435619485
2012-02-27 10:00:00,111.02335064792537
2012-02-27 11:00:00,115.49027860416864
2012-02-27 12:00:00,192.71193635807376
2012-02-27 13:00:00,185.59989911734365
2012-02-27 14:00:00,164.20669686842132
2012-02-27 15:00:00,202.6688725457817
2012-02-27 16:00:00,258.09639940466724
2012-02-27 17:00:00,511.51227700699786
2012-02-27 18:00:00,519.708116388885
2012-02-27 19:00:00,366.01166497007824
2012-02-27 20:00:00,211.0919627574897
2012-02-27 21:00:00,159.70132771953172
2012-02-27 22:00:00,98.01137241327874
2012-02-27 23:00:00,61.579327259590336
2012-02-28 00:00:00,32.32097820569273
2012-02-28 01:00:00,11.612164979880157
2012-02-28 02:00:00,8.251074198438296
2012-02-28 03:00:00,4.204322565534289
2012-02-28 04:00:00,4.198960866481873
2012-02-28 05:00:00,19.130637701615285
2012-02-28 06:00:00,91.81271302544266
2012-02-28 07:00:00,279.3160528259992
2012-02-28 08:00:00,440.1431815171145
2012-02-28 09:00:00,242.50010682499106
2012-02-28 10:00:00,115.09938484781478
2012-02-28 11:00:00,125.9919672232278
2012-02-28 12:00:00,164.30111909556402
2012-02-28 13:00:00,154.4051701705303
2012-02-28 14:00:00,202.2430913009663
2012-02-28 15:00:00,231.041562262507
2012-02-28 16:00:00,306.5499071359079
2012-02-28 17:00:00,629.9545464617468
2012-02-28 18:00:00,545.1169062100236
2012-02-28 19:00:00,413.642974688235
2012-02-28 20:00:00,246.22521088910125
2012-02-28 21:00:00,133.89359452359582
2012-02-28 22:00:00,93.43973446023791
2012-02-28 23:00:00,59.25573837399619
2012-02-29 00:00:00,24.443101133295425
2012-02-29 01:00:00,9.026102818419385
2012-02-29 02:00:00,5.52570928484039
2012-02-29 03:00:00,4.072865402050466
2012-02-29 05:00:00,19.02652836647617
2012-02-29 06:00:00,78.52698453423852
2012-02-29 07:00:00,271.8347013637469
2012-02-29 08:00:00,441.14772299150144
2012-02-29 09:00:00,131.30116438402618
2012-02-29 10:00:00,57.0694489986088
2012-02-29 11:00:00,49.95307596246432
2012-02-29 12:00:00,55.336380196721784
2012-02-29 13:00:00,97.2645198642687
2012-02-29 14:00:00,81.83083789581703
2012-02-29 15:00:00,123.95602248922218
2012-02-29 16:00:00,76.37854982851563
2012-02-29 17:00:00,464.19694544268333
2012-02-29 18:00:00,205.7809209781168
2012-02-29 19:00:00,313.2495244317874
2012-02-29 20:00:00,109.73185349279086
2012-02-29 21:00:00,80.34451680360746
2012-02-29 22:00:00,27.947571653279798
2012-02-29 23:00:00,26.686074210311318
2012-03-20 00:00:00,28.291314850816992
2012-03-20 01:00:00,14.31832016665326
2012-03-20 02:00:00,6.899987522664124
2012-03-20 03:00:00,4.5084390606113365
2012-03-20 04:00:00,5.121568361230074
2012-03-20 05:00:00,21.299337274631327
2012-03-20 06:00:00,90.58467928522975
2012-03-20 07:00:00,108.6880821338181
2012-03-20 08:00:00,577.0087581798358
2012-03-20 09:00:00,302.4273685698394
2012-03-20 10:00:00,134.2255983706019
2012-03-20 11:00:00,173.89307711068582
2012-03-20 12:00:00,184.0898333698145
2012-03-20 13:00:00,179.9618855859089
2012-03-20 14:00:00,184.8851828889736
2012-03-20 15:00:00,222.90616123661644
2012-03-20 16:00:00,352.52256412035285
2012-03-20 17:00:00,658.9408093333989
2012-03-20 18:00:00,500.4996957872716
2012-03-20 19:00:00,496.3976060800204
2012-03-20 20:00:00,277.0097172668404
2012-03-20 21:00:00,268.86799056836503
2012-03-20 22:00:00,150.99949137939615
2012-03-20 23:00:00,101.06937318690784
2012-03-21 00:00:00,40.62928332960225
2012-03-21 01:00:00,19.256508993322814
2012-03-21 02:00:00,8.356098079773663
2012-03-21 03:00:00,5.482771254307521
2012-03-21 04:00:00,5.966315182454179
2012-03-21 05:00:00,31.437357708297636
2012-03-21 06:00:00,113.19626913401795
2012-03-21 07:00:00,163.81813086447795
2012-03-21 08:00:00,295.7122678455441
2012-03-21 09:00:00,336.83857797927163
2012-03-21 10:00:00,178.98400096036474
2012-03-21 11:00:00,187.05907175510958
2012-03-21 12:00:00,191.11466137835635
2012-03-21 13:00:00,172.60740384873452
2012-03-21 14:00:00,190.8447317639613
2012-03-21 15:00:00,217.33808181747014
2012-03-21 16:00:00,357.9385795312212
2012-03-21 17:00:00,601.9650221510923
2012-03-21 18:00:00,596.7073461617631
2012-03-21 19:00:00,518.2569138718985
2012-03-21 20:00:00,359.0035984972956
2012-03-21 21:00:00,254.45723750549456
2012-03-21 22:00:00,215.92103071262855
2012-03-21 23:00:00,117.430314520803
2012-03-22 00:00:00,55.03312363078918
2012-03-22 01:00:00,23.425986315654157
2012-03-22 02:00:00,11.539213367535204
2012-03-22 03:00:00,7.625827651317948
2012-03-22 04:00:00,9.20984099101773
2012-03-22 05:00:00,43.15972464253948
2012-03-22 06:00:00,206.22299707383596
2012-03-22 07:00:00,524.3144272247127
2012-03-22 08:00:00,682.2164732784756
2012-03-22 09:00:00,273.693183876612
2012-03-22 10:00:00,146.69060086688197
2012-03-22 11:00:00,125.01490337664005
2012-03-22 12:00:00,187.63075488937238
2012-03-22 13:00:00,250.16764044114623
2012-03-22 14:00:00,240.20273031903136
2012-03-22 15:00:00,259.27075539459423
2012-03-22 16:00:00,409.944108542162
2012-03-22 17:00:00,785.6298867580547
2012-03-22 18:00:00,772.9367491621717
2012-03-22 19:00:00,546.5014230424804
2012-03-22 20:00:00,399.3765815650336
2012-03-22 21:00:00,294.8908716901112
2012-03-22 22:00:00,222.37691727856156
2012-03-22 23:00:00,152.17267496096045
2012-03-23 00:00:00,75.74450288978989
2012-03-23 01:00:00,31.782664513694094
2012-03-23 02:00:00,14.76998918083777
2012-03-23 03:00:00,8.071712544246859
2012-03-23 04:00:00,7.45701692351343
2012-03-23 05:00:00,29.07940466444708
2012-03-23 06:00:00,132.6513001067468
2012-03-23 07:00:00,312.3500452564153
2012-03-23 08:00:00,658.4457233337746
2012-03-23 09:00:00,220.27486593906985
2012-03-23 10:00:00,171.52335237387516
2012-03-23 11:00:00,232.93182356927946
2012-03-23 12:00:00,339.44099406593585
2012-03-23 13:00:00,335.3422378724624
2012-03-23 14:00:00,312.55185808919344
2012-03-23 15:00:00,346.5057534674609
2012-03-23 16:00:00,495.2756683133412
2012-03-23 17:00:00,789.3606923989757
2012-03-23 18:00:00,699.9502352202219
2012-03-23 19:00:00,496.4542112836927
2012-03-23 20:00:00,354.4107556639568
2012-03-23 21:00:00,321.82662736033365
2012-03-23 22:00:00,242.47298072431826
2012-03-23 23:00:00,153.54615589638794
2012-03-24 00:00:00,125.82247540164323
2012-03-24 01:00:00,114.74403248398886
2012-03-24 02:00:00,83.8904152926767
2012-03-24 03:00:00,35.93588075085721
2012-03-24 04:00:00,13.015467529929886
2012-03-24 05:00:00,16.306388304268772
2012-03-24 06:00:00,34.772615087390705
2012-03-24 07:00:00,77.78553611543289
2012-03-24 08:00:00,158.66918836275465
2012-03-24 09:00:00,268.80038197399307
2012-03-24 10:00:00,356.52628535174375
2012-03-24 11:00:00,317.0108309046591
2012-03-24 12:00:00,186.18134755313986
2012-03-24 13:00:00,192.29861148041266
2012-03-24 14:00:00,141.64209547200602
2012-03-24 15:00:00,118.88089129020838
2012-03-24 16:00:00,142.06279581294734
2012-03-24 17:00:00,183.3913714081455
2012-03-24 18:00:00,103.77466141796717
2012-03-24 19:00:00,173.71666345413607
2012-03-24 20:00:00,96.04316395071605
2012-03-24 21:00:00,74.81159033949957
2012-03-24 22:00:00,52.28067664492339
2012-03-24 23:00:00,117.57461073867252
2012-03-25 00:00:00,75.53419198533544
2012-03-25 01:00:00,58.65663109205634
2012-03-25 02:00:00,32.46337189793156
2012-03-25 03:00:00,21.660503156741594
2012-03-25 04:00:00,8.977818868252173
2012-03-25 05:00:00,11.007918563765116
2012-03-25 06:00:00,17.64532722363931
2012-03-25 07:00:00,33.7332015074681
2012-03-25 08:00:00,73.91618006524074
2012-03-25 09:00:00,114.62889727594114
2012-03-25 10:00:00,218.34613250960703
2012-03-25 11:00:00,207.81059774298043
2012-03-25 12:00:00,255.2220801947927
2012-03-25 13:00:00,460.7248643968918
2012-03-25 14:00:00,444.95840878779654
2012-03-25 15:00:00,373.19269316808555
2012-03-25 16:00:00,483.87306897673506
2012-03-25 17:00:00,431.57026031345936
2012-03-25 18:00:00,377.24172601506405
2012-03-25 19:00:00,294.92658150923035
2012-03-25 20:00:00,224.76165844584244
2012-03-25 21:00:00,187.18303179037957
2012-03-25 22:00:00,125.45092854093001
2012-03-25 23:00:00,80.47323778978767
2012-03-26 00:00:00,34.24179782092439
2012-03-26 01:00:00,16.99623283796963
2012-03-26 02:00:00,8.017728927610984
2012-03-26 03:00:00,6.371701860029569
2012-03-26 04:00:00,7.860542279199349
2012-03-26 05:00:00,37.02270934795779
2012-03-26 06:00:00,168.94810045727453
2012-03-26 07:00:00,526.1669424011999
2012-03-26 08:00:00,643.9679795779966
2012-03-26 09:00:00,276.2106394398327
2012-03-26 10:00:00,208.5788596596691
2012-03-26 11:00:00,223.329166052551
2012-03-26 12:00:00,272.2670710375109
2012-03-26 13:00:00,277.5685588894628
2012-03-26 14:00:00,230.48539490031885
2012-03-26 15:00:00,258.9742298928467
2012-03-26 16:00:00,327.8075949507657
2012-03-26 17:00:00,681.9918408249939
2012-03-26 18:00:00,629.8949375350654
2012-03-26 19:00:00,443.98112270967863
2012-03-26 20:00:00,267.4513997639396
2012-03-26 21:00:00,149.70446743018297
2012-03-26 22:00:00,88.54288469172646
2012-03-26 23:00:00,45.9327162248339
2012-03-27 00:00:00,17.958612623281404
2012-03-27 01:00:00,5.581768488317405
2012-03-27 02:00:00,4.180993662146489
2012-03-27 03:00:00,3.0484331814066983
2012-03-27 04:00:00,4.497638954380054
2012-03-27 05:00:00,23.99281227927274
2012-03-27 06:00:00,127.61233099899832
2012-03-27 07:00:00,347.4948819298154
2012-03-27 08:00:00,532.3770162113217
2012-03-27 09:00:00,256.65141553570004
2012-03-27 10:00:00,123.04779639515549
2012-03-27 11:00:00,135.4972686430746
2012-03-27 12:00:00,176.0127695853913
2012-03-27 13:00:00,199.6944234343951
2012-03-27 14:00:00,262.1008531463117
2012-03-27 15:00:00,312.80816554265095
2012-03-27 16:00:00,417.56363295333483
2012-03-27 17:00:00,1016.3446729009905
2012-03-27 18:00:00,952.9464779140442
2012-03-27 19:00:00,759.3482389520167
2012-03-27 20:00:00,452.26653854350064
2012-03-27 21:00:00,159.3586522574447
2012-03-27 22:00:00,115.78084883938635
2012-03-27 23:00:00,67.88619304119405
2012-03-28 00:00:00,21.52440968889968
2012-03-28 01:00:00,8.96185938943324
2012-03-28 02:00:00,5.528231837342405
2012-03-28 03:00:00,4.437674008511671
2012-03-28 04:00:00,3.9314028510523387
2012-03-28 05:00:00,21.929842216267716
2012-03-28 06:00:00,112.03430569048652
2012-03-28 07:00:00,328.2012770849986
2012-03-28 08:00:00,564.8965579925041
2012-03-28 09:00:00,345.6794128438183
2012-03-28 10:00:00,185.27733468868774
2012-03-28 11:00:00,207.21876149352684
2012-03-28 12:00:00,248.0670518791234
2012-03-28 13:00:00,245.65385692477668
2012-03-28 14:00:00,245.0299859775381
2012-03-28 15:00:00,248.3522511971382
2012-03-28 16:00:00,258.48429370719333
2012-03-28 17:00:00,795.8095961586703
2012-03-28 18:00:00,792.3405542727917
2012-03-28 19:00:00,591.6897436103741
2012-03-28 20:00:00,401.8131871076745
2012-03-28 21:00:00,271.14088039555725
2012-03-28 22:00:00,200.76481643545017
2012-03-28 23:00:00,116.79116518167365
2012-03-29 00:00:00,43.54785852533109
2012-03-29 01:00:00,21.032278016932654
2012-03-29 02:00:00,8.930608680818505
2012-03-29 03:00:00,4.905636847596463
2012-03-29 04:00:00,5.894881431148421
2012-03-29 05:00:00,37.17282023767876
2012-03-29 06:00:00,167.65268045167326
2012-03-29 07:00:00,468.03073202299174
2012-03-29 08:00:00,680.6339066680262
2012-03-29 09:00:00,377.83327805883755
2012-03-29 10:00:00,184.01743133384332
2012-03-29 11:00:00,225.05365715175662
2012-03-29 12:00:00,281.2575784806736
2012-03-29 13:00:00,262.987822975629
2012-03-29 14:00:00,250.53558192348564
2012-03-29 15:00:00,271.3861351508851
2012-03-29 16:00:00,370.12589488191605
2012-03-29 17:00:00,662.5817287780272
2012-03-29 18:00:00,669.9911581898189
2012-03-29 19:00:00,486.0800217415181
2012-03-29 20:00:00,304.1299940060819
2012-03-29 21:00:00,239.87483499103402
2012-03-29 22:00:00,182.36881982063696
2012-03-29 23:00:00,115.88290289928578
2012-03-30 00:00:00,59.58809067794346
2012-03-30 01:00:00,21.462841367574484
2012-03-30 02:00:00,10.350908323407268
2012-03-30 03:00:00,6.0300302845983635
2012-03-30 04:00:00,6.022611445862038
2012-03-30 05:00:00,24.43565145812457
2012-03-30 06:00:00,116.4731965520201
2012-03-30 07:00:00,288.20045064283283
2012-03-30 08:00:00,565.2140622964221
2012-03-30 09:00:00,306.27584189562015
2012-03-30 10:00:00,152.52116758037207
2012-03-30 11:00:00,165.6582282233836
2012-03-30 12:00:00,229.61935028454317
2012-03-30 13:00:00,162.83679824505455
2012-03-30 14:00:00,132.44388206136443
2012-03-30 15:00:00,145.73136686287882
2012-03-30 16:00:00,208.16935418537565
2012-03-30 17:00:00,595.035910814784
2012-03-30 18:00:00,586.5996842644582
2012-03-30 19:00:00,424.50612515249907
2012-03-30 20:00:00,312.3050146282496
2012-03-30 21:00:00,182.62072165858964
2012-03-30 22:00:00,136.84450042401622
2012-03-30 23:00:00,123.09431113837603
2012-03-31 00:00:00,110.30230641835416
2012-03-31 01:00:00,75.72161845752089
2012-03-31 02:00:00,62.020079542389375
2012-03-31 03:00:00,30.896297898741928
2012-03-31 04:00:00,10.552077809342377
2012-03-31 05:00:00,15.229167268978577
2012-03-31 06:00:00,19.19404937400471
2012-03-31 07:00:00,46.20312988849728
2012-03-31 08:00:00,96.04115695376561
2012-03-31 09:00:00,219.24137583245928
2012-03-31 10:00:00,337.76755209862637
2012-03-31 11:00:00,487.94298190659714
2012-03-31 12:00:00,507.0658533974774
2012-03-31 13:00:00,633.9119397000948
2012-03-31 14:00:00,498.1285135757718
2012-03-31 15:00:00,483.28786281227036
2012-03-31 16:00:00,449.56861457634227
2012-03-31 17:00:00,427.27399437910054
2012-03-31 18:00:00,283.91027883019257
2012-03-31 19:00:00,277.1549678877872
2012-03-31 20:00:00,206.22188570965326
2012-03-31 21:00:00,166.76682583075876
2012-03-31 22:00:00,130.98608981282115
2012-03-31 23:00:00,74.65943970708888
2012-04-20 00:00:00,60.805637337558956
2012-04-20 01:00:00,32.127897613756076
2012-04-20 02:00:00,14.426453106248568
2012-04-20 03:00:00,8.071712544246859
2012-04-20 04:00:00,7.79923767493853
2012-04-20 05:00:00,32.96892782452003
2012-04-20 06:00:00,152.9721283352557
2012-04-20 07:00:00,388.4595767933376
2012-04-20 08:00:00,674.5648666875751
2012-04-20 09:00:00,358.95155002400804
2012-04-20 10:00:00,219.93404552358953
2012-04-20 11:00:00,279.45143847854627
2012-04-20 12:00:00,349.82357763918867
2012-04-20 13:00:00,347.4416149818606
2012-04-20 14:00:00,312.4720213834963
2012-04-20 15:00:00,307.6926644710628
2012-04-20 16:00:00,469.9000211179756
2012-04-20 17:00:00,711.46389743367
2012-04-20 18:00:00,670.8985564783538
2012-04-20 19:00:00,542.1314246286179
2012-04-20 20:00:00,336.0536266094935
2012-04-20 21:00:00,254.04780270634356
2012-04-20 22:00:00,214.49549990255142
2012-04-20 23:00:00,159.69236567337637
2012-04-21 00:00:00,142.38090727243303
2012-04-21 01:00:00,105.52665507842292
2012-04-21 02:00:00,83.95065001306192
2012-04-21 03:00:00,30.766591369289298
2012-04-21 04:00:00,10.661583820046118
2012-04-21 05:00:00,15.2347069007201
2012-04-21 06:00:00,33.04566684275812
2012-04-21 07:00:00,77.96273052001304
2012-04-21 08:00:00,161.53468639328798
2012-04-21 09:00:00,304.4352076915566
2012-04-21 10:00:00,519.0506795079046
2012-04-21 11:00:00,575.6983066015869
2012-04-21 12:00:00,709.9242040768086
2012-04-21 13:00:00,681.8451311620655
2012-04-21 14:00:00,671.3149969065544
2012-04-21 15:00:00,700.5231980303055
2012-04-21 16:00:00,706.7637811704489
2012-04-21 17:00:00,586.1912244750865
2012-04-21 18:00:00,433.9192164739034
2012-04-21 19:00:00,171.30297596345946
2012-04-21 20:00:00,82.30895908813518
2012-04-21 21:00:00,73.19977810667494
2012-04-21 22:00:00,172.01226787777608
2012-04-21 23:00:00,102.33307404788333
2012-04-22 00:00:00,114.3876001224024
2012-04-22 01:00:00,76.17677418294844
2012-04-22 02:00:00,66.7385072072911
2012-04-22 03:00:00,36.89116265099298
2012-04-22 04:00:00,14.78285888645003
2012-04-22 05:00:00,12.190643492771366
2012-04-22 06:00:00,16.526870150753304
2012-04-22 07:00:00,30.683510234813397
2012-04-22 08:00:00,54.46568030303618
2012-04-22 09:00:00,102.59542274856068
2012-04-22 10:00:00,147.53350944114464
2012-04-22 11:00:00,136.85839364728153
2012-04-22 12:00:00,150.9350943624676
2012-04-22 13:00:00,177.67636348546847
2012-04-22 14:00:00,134.50842978308606
2012-04-22 15:00:00,147.8260072527334
2012-04-22 16:00:00,93.76880176832566
2012-04-22 17:00:00,49.824559791836194
2012-04-22 18:00:00,40.26215769002703
2012-04-22 19:00:00,28.01581571286573
2012-04-22 20:00:00,35.89977195808581
2012-04-22 21:00:00,35.13079284550363
2012-04-22 22:00:00,11.413638152303603
2012-04-22 23:00:00,15.32168614101891
2012-04-23 00:00:00,16.62332239305848
2012-04-23 01:00:00,5.323353092131184
2012-04-23 02:00:00,3.8180312276924138
2012-04-23 03:00:00,3.516718057332724
2012-04-23 04:00:00,3.5131504387070716
2012-04-23 05:00:00,13.131693972734343
2012-04-23 06:00:00,82.95360018818415
2012-04-23 07:00:00,130.45154316400553
2012-04-23 08:00:00,387.4919115059551
2012-04-23 09:00:00,195.25259711868085
2012-04-23 10:00:00,105.74661699779566
2012-04-23 11:00:00,108.6397882890579
2012-04-23 12:00:00,84.41997976788834
2012-04-23 13:00:00,110.67138742586152
2012-04-23 14:00:00,107.73119928642377
2012-04-23 15:00:00,142.64804250704043
2012-04-23 16:00:00,86.62124322958799
2012-04-23 17:00:00,195.62379461366453
2012-04-23 18:00:00,282.9160816359183
2012-04-23 19:00:00,266.2785506721838
2012-04-23 20:00:00,202.6429811547544
2012-04-23 21:00:00,104.30155552915518
2012-04-23 22:00:00,98.55628862275607
2012-04-23 23:00:00,55.90027745015574
2012-04-24 00:00:00,22.173092768171383
2012-04-24 01:00:00,10.653032311728559
2012-04-24 02:00:00,4.760435465111632
2012-04-24 03:00:00,3.974184104633871
2012-04-24 04:00:00,4.4535364239414745
2012-04-24 05:00:00,24.14968530058114
2012-04-24 06:00:00,110.85957323235212
2012-04-24 07:00:00,317.6362108289821
2012-04-24 08:00:00,500.36210376181873
2012-04-24 09:00:00,315.45094590225165
2012-04-24 10:00:00,161.16690895719563
2012-04-24 11:00:00,197.38464311648255
2012-04-24 12:00:00,268.94081126920366
2012-04-24 13:00:00,278.924836225272
2012-04-24 14:00:00,235.48147793971495
2012-04-24 15:00:00,267.12104527739143
2012-04-24 16:00:00,383.1534784547835
2012-04-24 17:00:00,731.9441553954154
2012-04-24 18:00:00,1059.7373783349572
2012-04-24 19:00:00,518.2374117798782
2012-04-24 20:00:00,316.33032688351636
2012-04-24 21:00:00,238.95133907663464
2012-04-24 22:00:00,166.7529502015183
2012-04-24 23:00:00,96.53198448147603
2012-04-25 00:00:00,35.726446990768714
2012-04-25 01:00:00,12.500518760514515
2012-04-25 02:00:00,5.2837132036464185
2012-04-25 03:00:00,4.145542946340668
2012-04-25 04:00:00,4.529558163378775
2012-04-25 05:00:00,23.185409582337034
2012-04-25 06:00:00,108.73812679613067
2012-04-25 07:00:00,366.6991768224982
2012-04-25 08:00:00,515.4284496350491
2012-04-25 09:00:00,331.82255573666964
2012-04-25 10:00:00,191.28157659951864
2012-04-25 11:00:00,197.44162790149022
2012-04-25 12:00:00,258.701664828579
2012-04-25 13:00:00,267.5957903539892
2012-04-25 14:00:00,229.32114189424962
2012-04-25 15:00:00,287.25073376757086
2012-04-25 16:00:00,331.5042647008651
2012-04-25 17:00:00,676.6483556354987
2012-04-25 18:00:00,646.8818356553242
2012-04-25 19:00:00,484.35626236809526
2012-04-25 20:00:00,357.71323431467994
2012-04-25 21:00:00,276.42074287816877
2012-04-25 22:00:00,192.2157055187872
2012-04-25 23:00:00,95.10547207660808
2012-04-26 00:00:00,41.35228995883083
2012-04-26 01:00:00,21.743112155400485
2012-04-26 02:00:00,10.251932505271428
2012-04-26 03:00:00,5.7929455955070654
2012-04-26 04:00:00,7.44374550461601
2012-04-26 05:00:00,35.28848210119769
2012-04-26 06:00:00,164.8452806349161
2012-04-26 07:00:00,198.27393212466555
2012-04-26 08:00:00,356.1233793698942
2012-04-26 09:00:00,220.70402952773995
2012-04-26 10:00:00,128.19281025645085
2012-04-26 11:00:00,116.71452563785324
2012-04-26 12:00:00,221.32038050541763
2012-04-26 13:00:00,188.08534784562156
2012-04-26 14:00:00,192.26837731291496
2012-04-26 15:00:00,175.82103148170503
2012-04-26 16:00:00,254.28357496941112
2012-04-26 17:00:00,680.3086142109247
2012-04-26 18:00:00,561.0376875832827
2012-04-26 19:00:00,397.78863884140316
2012-04-26 20:00:00,347.9309443936362
2012-04-26 21:00:00,267.5838478769197
2012-04-26 22:00:00,233.12715673621432
2012-04-26 23:00:00,131.66212418335726
2012-04-27 00:00:00,91.75699896637359
2012-04-27 01:00:00,30.9704610379803
2012-04-27 02:00:00,19.6614480874146
2012-04-27 03:00:00,7.490204287799639
2012-04-27 04:00:00,7.847657321664279
2012-04-27 05:00:00,36.36291986257657
2012-04-27 06:00:00,161.82149046954322
2012-04-27 07:00:00,330.43061588163135
2012-04-27 08:00:00,690.2568110886962
2012-04-27 09:00:00,423.0329739940615
2012-04-27 10:00:00,228.55614057292283
2012-04-27 11:00:00,271.74669740224385
2012-04-27 12:00:00,355.8567745118641
2012-04-27 13:00:00,345.4415170416541
2012-04-27 14:00:00,306.4229943572851
2012-04-27 15:00:00,364.7029103468743
2012-04-27 16:00:00,423.3904303189754
2012-04-27 17:00:00,742.2554106037005
2012-04-27 18:00:00,617.2694957441812
2012-04-27 19:00:00,445.90001633052844
2012-04-27 20:00:00,298.7680899607468
2012-04-27 21:00:00,223.99124469701434
2012-04-27 22:00:00,184.858636992746
2012-04-27 23:00:00,160.55232580103936
2012-04-28 00:00:00,109.39595437248755
2012-04-28 01:00:00,46.434827031980895
2012-04-28 02:00:00,50.24392449593375
2012-04-28 03:00:00,20.345651240848614
2012-04-28 04:00:00,8.407624408140167
2012-04-28 05:00:00,11.249535819609049
2012-04-28 06:00:00,21.4204984943434
2012-04-28 07:00:00,51.800797492944916
2012-04-28 08:00:00,141.6390581356118
2012-04-28 09:00:00,204.28976125728414
2012-04-28 10:00:00,346.78555608225497
2012-04-28 11:00:00,396.94827603397346
2012-04-28 12:00:00,474.54833702744315
2012-04-28 13:00:00,577.9629414266672
2012-04-28 14:00:00,547.4298952974664
2012-04-28 15:00:00,557.318491205411
2012-04-28 16:00:00,491.96585958625184
2012-04-28 17:00:00,468.6304255272669
2012-04-28 18:00:00,254.196136182393
2012-04-28 19:00:00,171.8520320886239
2012-04-28 20:00:00,191.84396619982553
2012-04-28 21:00:00,78.74539732447064
2012-04-28 22:00:00,123.94822567415294
2012-04-28 23:00:00,114.24174911587971
2012-04-29 00:00:00,101.7210503600866
2012-04-29 01:00:00,100.60258281710334
2012-04-29 02:00:00,56.06409191212474
2012-04-29 03:00:00,23.60645188184788
2012-04-29 04:00:00,9.628369807534124
2012-04-29 05:00:00,8.90270858015004
2012-04-29 06:00:00,14.318638542897965
2012-04-29 07:00:00,32.77210168831565
2012-04-29 08:00:00,99.78372182512166
2012-04-29 09:00:00,230.18974112403367
2012-04-29 10:00:00,360.25042346305145
2012-04-29 11:00:00,452.43769592839436
2012-04-29 12:00:00,540.8022995264392
2012-04-29 13:00:00,559.2388221655461
2012-04-29 14:00:00,614.4210110379042
2012-04-29 15:00:00,578.5430865146685
2012-04-29 16:00:00,519.9326664390637
2012-04-29 17:00:00,555.515432339075
2012-04-29 18:00:00,471.102222980281
2012-04-29 19:00:00,282.10941341041274
2012-04-29 20:00:00,212.80432312610898
2012-04-29 21:00:00,161.63201971109297
2012-04-29 22:00:00,119.76232689321309
2012-04-29 23:00:00,81.20993331399293
2012-04-30 00:00:00,52.85698379358805
2012-04-30 01:00:00,19.465315836878002
2012-04-30 02:00:00,9.841287446934004
2012-04-30 03:00:00,6.158613022476694
2012-04-30 04:00:00,4.887565877211421
2012-04-30 05:00:00,23.98624412969849
2012-04-30 06:00:00,132.39976741532206
2012-04-30 07:00:00,386.4541980999989
2012-04-30 08:00:00,609.2759016423743
2012-04-30 09:00:00,322.9778439217946
2012-04-30 10:00:00,163.92881903438098
2012-04-30 11:00:00,181.33871027640868
2012-04-30 12:00:00,239.21749235616494
2012-04-30 13:00:00,220.88146314987924
2012-04-30 14:00:00,211.32960390194177
2012-04-30 15:00:00,218.43646983647142
2012-04-30 16:00:00,349.87797205175355
2012-04-30 17:00:00,723.2555194038401
2012-04-30 18:00:00,660.3342495750302
2012-04-30 19:00:00,463.3416357290804
2012-04-30 20:00:00,329.5799207030784
2012-04-30 21:00:00,227.62140672542122
2012-04-30 22:00:00,159.7780186159099
2012-04-30 23:00:00,77.94801051058023
2012-05-20 00:00:00,159.5291441065149
2012-05-20 01:00:00,95.32921074652027
2012-05-20 02:00:00,75.27436475394187
2012-05-20 03:00:00,36.3429163065751
2012-05-20 04:00:00,13.582362121511975
2012-05-20 05:00:00,12.653335604932378
2012-05-20 06:00:00,24.858973787346656
2012-05-20 07:00:00,67.5203788052738
2012-05-20 08:00:00,126.59294995206946
2012-05-20 09:00:00,215.55480791337837
2012-05-20 10:00:00,490.8783997271767
2012-05-20 11:00:00,609.6333675031394
2012-05-20 12:00:00,720.8674000885316
2012-05-20 13:00:00,715.2138329243392
2012-05-20 14:00:00,677.538091021408
2012-05-20 15:00:00,599.6043600380673
2012-05-20 16:00:00,657.032473339
2012-05-20 17:00:00,536.0597085826762
2012-05-20 18:00:00,479.47537204719174
2012-05-20 19:00:00,398.9431802113904
2012-05-20 20:00:00,299.8611420781201
2012-05-20 21:00:00,222.96984637183647
2012-05-20 22:00:00,159.2587349977572
2012-05-20 23:00:00,47.13085410223946
2012-05-21 00:00:00,17.462983154833427
2012-05-21 01:00:00,6.242310445556478
2012-05-21 02:00:00,4.941477443616235
2012-05-21 03:00:00,4.116326206193584
2012-05-21 04:00:00,3.5464269892147597
2012-05-21 05:00:00,13.540663618505116
2012-05-21 06:00:00,50.33300405914935
2012-05-21 07:00:00,141.16100037008368
2012-05-21 08:00:00,223.65791602225937
2012-05-21 09:00:00,120.5065987556655
2012-05-21 10:00:00,57.81571344400688
2012-05-21 11:00:00,181.31202594255862
2012-05-21 12:00:00,178.9388548967616
2012-05-21 13:00:00,96.94050319035455
2012-05-21 14:00:00,93.05939905806203
2012-05-21 15:00:00,236.45607641785531
2012-05-21 16:00:00,333.507214487324
2012-05-21 17:00:00,687.6595530855881
2012-05-21 18:00:00,760.6157249137091
2012-05-21 19:00:00,511.16297859963714
2012-05-21 20:00:00,376.44442274562647
2012-05-21 21:00:00,269.86131558632206
2012-05-21 22:00:00,169.604240981281
2012-05-21 23:00:00,93.3675914067091
2012-05-22 00:00:00,39.69027948193503
2012-05-22 01:00:00,15.115341988944248
2012-05-22 02:00:00,7.369714848501418
2012-05-22 03:00:00,5.7348020923749905
2012-05-22 04:00:00,6.424715113651968
2012-05-22 05:00:00,19.571086267958496
2012-05-22 06:00:00,74.36699605654174
2012-05-22 07:00:00,200.01455862334979
2012-05-22 08:00:00,598.7940858114106
2012-05-22 09:00:00,317.17811494712214
2012-05-22 10:00:00,165.48195559749513
2012-05-22 11:00:00,172.52354141548648
2012-05-22 12:00:00,214.78075824980635
2012-05-22 13:00:00,216.2268595998819
2012-05-22 14:00:00,202.49392457201944
2012-05-22 15:00:00,252.73619713744955
2012-05-22 16:00:00,402.12679831001805
2012-05-22 17:00:00,766.8061268352583
2012-05-22 18:00:00,794.2428728244486
2012-05-22 19:00:00,553.0206246512865
2012-05-22 20:00:00,423.629830951108
2012-05-22 21:00:00,255.4080328838034
2012-05-22 22:00:00,222.32462250416086
2012-05-22 23:00:00,141.1966694868611
2012-05-23 00:00:00,44.76318693759061
2012-05-23 01:00:00,19.785513364762632
2012-05-23 02:00:00,8.64978720257679
2012-05-23 03:00:00,7.381561133498281
2012-05-23 04:00:00,5.430654659660387
2012-05-23 05:00:00,19.259136423673983
2012-05-23 06:00:00,169.476627125689
2012-05-23 07:00:00,536.7202549265577
2012-05-23 08:00:00,774.4278659328857
2012-05-23 09:00:00,348.378833465796
2012-05-23 10:00:00,179.77668600725897
2012-05-23 11:00:00,224.23711007603362
2012-05-23 12:00:00,240.0968026314391
2012-05-23 13:00:00,239.51972733197007
2012-05-23 14:00:00,215.1225790493554
2012-05-23 15:00:00,244.50856607247445
2012-05-23 16:00:00,256.0310241454743
2012-05-23 17:00:00,434.75656186494626
2012-05-23 18:00:00,432.85294089832877
2012-05-23 19:00:00,416.2564553077087
2012-05-23 20:00:00,278.2827987334912
2012-05-23 21:00:00,213.0367185575133
2012-05-23 22:00:00,180.239199741084
2012-05-23 23:00:00,122.03773046831846
2012-05-24 00:00:00,55.03312363078918
2012-05-24 01:00:00,20.623629118766008
2012-05-24 02:00:00,9.540652828047884
2012-05-24 03:00:00,6.0786137270423595
2012-05-24 04:00:00,6.560304779532998
2012-05-24 05:00:00,35.15818700864721
2012-05-24 06:00:00,168.7813159344281
2012-05-24 07:00:00,547.7460536081225
2012-05-24 08:00:00,770.5507764052724
2012-05-24 09:00:00,396.17317908681514
2012-05-24 10:00:00,190.88316574451758
2012-05-24 11:00:00,218.9964489012198
2012-05-24 12:00:00,256.90230581033603
2012-05-24 13:00:00,276.8199736622286
2012-05-24 14:00:00,238.71847877442724
2012-05-24 15:00:00,261.3677057122478
2012-05-24 16:00:00,416.0268275551413
2012-05-24 17:00:00,768.4532438021813
2012-05-24 18:00:00,818.8242360325954
2012-05-24 19:00:00,556.8504378192248
2012-05-24 20:00:00,331.377706266502
2012-05-24 21:00:00,171.3040115713849
2012-05-24 22:00:00,193.3010131536665
2012-05-24 23:00:00,132.68453388761074
2012-05-25 00:00:00,70.43126187157837
2012-05-25 01:00:00,34.60311493530862
2012-05-25 02:00:00,13.141848685673441
2012-05-25 03:00:00,7.60019591887937
2012-05-25 04:00:00,7.2019100075566165
2012-05-25 05:00:00,32.50043396035659
2012-05-25 06:00:00,144.67752589027882
2012-05-25 07:00:00,395.66878086288307
2012-05-25 08:00:00,689.8427688020257
2012-05-25 09:00:00,387.8163807949315
2012-05-25 10:00:00,208.8754152613388
2012-05-25 11:00:00,237.27150422330988
2012-05-25 12:00:00,311.91515776874013
2012-05-25 13:00:00,310.7392054276724
2012-05-25 14:00:00,274.21923115771096
2012-05-25 15:00:00,307.7188288565978
2012-05-25 16:00:00,472.473582901883
2012-05-25 17:00:00,725.3477226805417
2012-05-25 18:00:00,659.2516747876602
2012-05-25 19:00:00,499.7882248578319
2012-05-25 20:00:00,364.96319224584687
2012-05-25 21:00:00,271.97375071586026
2012-05-25 22:00:00,244.45927910367848
2012-05-25 23:00:00,198.06910438583023
2012-05-26 00:00:00,171.74051698274207
2012-05-26 01:00:00,122.98958896069753
2012-05-26 02:00:00,91.80454665697499
2012-05-26 03:00:00,35.3191668744894
2012-05-26 04:00:00,12.236467845500057
2012-05-26 05:00:00,17.23045516024337
2012-05-26 06:00:00,34.923839110107124
2012-05-26 07:00:00,86.23794692962994
2012-05-26 08:00:00,186.11287016220652
2012-05-26 09:00:00,282.78121811979935
2012-05-26 10:00:00,429.90076441218577
2012-05-26 11:00:00,604.999470339274
2012-05-26 12:00:00,689.0162944440794
2012-05-26 13:00:00,643.021945369592
2012-05-26 14:00:00,641.1408336221671
2012-05-26 15:00:00,625.8089294673711
2012-05-26 16:00:00,621.5796835478537
2012-05-26 17:00:00,559.7909987439613
2012-05-26 18:00:00,537.4425146608253
2012-05-26 19:00:00,450.2778664691963
2012-05-26 20:00:00,345.1302040753033
2012-05-26 21:00:00,287.08446757369745
2012-05-26 22:00:00,276.051476835938
2012-05-26 23:00:00,231.17058441675218
2012-05-27 00:00:00,132.9534899429059
2012-05-27 01:00:00,133.53402194658085
2012-05-27 02:00:00,90.51348575234171
2012-05-27 03:00:00,39.97973210692929
2012-05-27 04:00:00,12.942482282807084
2012-05-27 05:00:00,13.962522037807819
2012-05-27 06:00:00,26.63083164956937
2012-05-27 07:00:00,69.95851022478307
2012-05-27 08:00:00,124.37755927052712
2012-05-27 09:00:00,252.59196229765493
2012-05-27 10:00:00,468.71688602390054
2012-05-27 11:00:00,534.5173515396431
2012-05-27 12:00:00,633.8704505178164
2012-05-27 13:00:00,558.1381055799053
2012-05-27 14:00:00,553.8241369498413
2012-05-27 15:00:00,586.5709564429292
2012-05-27 16:00:00,584.0781328739371
2012-05-27 17:00:00,538.0812871339714
2012-05-27 18:00:00,444.30535266920157
2012-05-27 19:00:00,382.32180265767084
2012-05-27 20:00:00,286.37936597602743
2012-05-27 21:00:00,101.40242047009474
2012-05-27 22:00:00,107.85692725035909
2012-05-27 23:00:00,82.40856485553601
2012-05-28 00:00:00,101.37584210934634
2012-05-28 01:00:00,43.551697205402114
2012-05-28 02:00:00,37.36512003322759
2012-05-28 03:00:00,12.842210410367807
2012-05-28 04:00:00,11.616572193227961
2012-05-28 05:00:00,22.87925290223343
2012-05-28 06:00:00,47.574623226314
2012-05-28 07:00:00,151.89961583951842
2012-05-28 08:00:00,222.6089325970586
2012-05-28 09:00:00,257.36720835348774
2012-05-28 10:00:00,292.2481614064044
2012-05-28 11:00:00,330.7405221712272
2012-05-28 12:00:00,396.28383912489414
2012-05-28 13:00:00,372.8513464353162
2012-05-28 14:00:00,362.60291611314284
2012-05-28 15:00:00,373.80788168443405
2012-05-28 16:00:00,474.0025872262233
2012-05-28 17:00:00,532.042627793019
2012-05-28 18:00:00,503.1371375307834
2012-05-28 19:00:00,450.66403113045334
2012-05-28 20:00:00,323.14987882694066
2012-05-28 21:00:00,243.20209368839943
2012-05-28 22:00:00,192.07849450747503
2012-05-28 23:00:00,114.13090994442172
2012-05-29 00:00:00,36.851471944221316
2012-05-29 01:00:00,15.956324723778113
2012-05-29 02:00:00,9.182588593925054
2012-05-29 03:00:00,6.0179253933470935
2012-05-29 04:00:00,8.009976885223985
2012-05-29 05:00:00,37.47087789912396
2012-05-29 06:00:00,178.9979177648529
2012-05-29 07:00:00,471.9005767016361
2012-05-29 08:00:00,742.279669859387
2012-05-29 09:00:00,329.5234720502249
2012-05-29 10:00:00,178.41746271019622
2012-05-29 11:00:00,195.90779514813352
2012-05-29 12:00:00,270.35129279266806
2012-05-29 13:00:00,256.7699149271696
2012-05-29 14:00:00,236.431935919488
2012-05-29 15:00:00,256.52173769277937
2012-05-29 16:00:00,382.8961590491362
2012-05-29 17:00:00,789.5608032115907
2012-05-29 18:00:00,757.016397322987
2012-05-29 19:00:00,572.2591850655464
2012-05-29 20:00:00,256.1625648979318
2012-05-29 21:00:00,41.120403870551044
2012-05-29 22:00:00,151.38200671689876
2012-05-29 23:00:00,78.17396242100098
2012-05-30 00:00:00,38.332821951759
2012-05-30 01:00:00,16.992153848916487
2012-05-30 02:00:00,8.402216313783816
2012-05-30 03:00:00,5.541200650636763
2012-05-30 04:00:00,6.6209762436348
2012-05-30 05:00:00,38.00088169740644
2012-05-30 06:00:00,185.43120339797022
2012-05-30 07:00:00,281.7020725215324
2012-05-30 08:00:00,778.4158002455218
2012-05-30 09:00:00,350.0511143556437
2012-05-30 10:00:00,173.92952107395166
2012-05-30 11:00:00,211.1802847257305
2012-05-30 12:00:00,266.1846059709115
2012-05-30 13:00:00,267.45192336461474
2012-05-30 14:00:00,252.5577850246841
2012-05-30 15:00:00,249.00940274350353
2012-05-30 16:00:00,389.9704239844217
2012-05-30 17:00:00,787.1394767446352
2012-05-30 18:00:00,804.7238510732727
2012-05-30 19:00:00,598.2925227936963
2012-05-30 20:00:00,346.9869627907506
2012-05-30 21:00:00,348.8709853517477
2012-05-30 22:00:00,218.67015985504835
2012-05-30 23:00:00,139.0830715999272
2012-05-31 00:00:00,49.82912558794992
2012-05-31 01:00:00,20.324737933566947
2012-05-31 02:00:00,10.514859511675684
2012-05-31 03:00:00,6.6189487343047
2012-05-31 04:00:00,7.146088102223855
2012-05-31 05:00:00,36.4829532798124
2012-05-31 06:00:00,202.78771577821166
2012-05-31 07:00:00,564.8596994751745
2012-05-31 08:00:00,725.5924658704613
2012-05-31 09:00:00,320.302721479399
2012-05-31 10:00:00,217.68394287117545
2012-05-31 11:00:00,251.24915551078928
2012-05-31 12:00:00,300.6147620869794
2012-05-31 13:00:00,283.6419881614056
2012-05-31 14:00:00,259.6860950667107
2012-05-31 15:00:00,289.8238872249978
2012-05-31 16:00:00,452.77078549574827
2012-05-31 17:00:00,833.8920682167177
2012-05-31 18:00:00,772.9663488310551
2012-05-31 19:00:00,629.4321659928961
2012-05-31 20:00:00,428.59696064512036
2012-05-31 21:00:00,326.4934130400964
2012-05-31 22:00:00,248.06815306091457
2012-05-31 23:00:00,182.9203795998644
2012-06-20 00:00:00,44.95748581529609
2012-06-20 01:00:00,17.664511440633188
2012-06-20 02:00:00,10.612666627015129
2012-06-20 03:00:00,7.364282817742749
2012-06-20 04:00:00,8.11483767128164
2012-06-20 05:00:00,40.92744640216159
2012-06-20 06:00:00,149.54194859007663
2012-06-20 07:00:00,412.9800913929713
2012-06-20 08:00:00,699.4119409216192
2012-06-20 09:00:00,377.3267254538262
2012-06-20 10:00:00,189.17386129735885
2012-06-20 11:00:00,217.79909882180993
2012-06-20 12:00:00,228.6559761559335
2012-06-20 13:00:00,239.65426773242783
2012-06-20 14:00:00,219.80747680646317
2012-06-20 15:00:00,217.72619749835457
2012-06-20 16:00:00,326.33435359308976
2012-06-20 17:00:00,686.0943727720745
2012-06-20 18:00:00,656.6474620401088
2012-06-20 19:00:00,580.4750066717569
2012-06-20 20:00:00,459.3576600115284
2012-06-20 21:00:00,315.9973002964125
2012-06-20 22:00:00,248.58980377776197
2012-06-20 23:00:00,146.4028272947813
2012-06-21 00:00:00,62.178312351478354
2012-06-21 01:00:00,23.16756804372641
2012-06-21 02:00:00,12.42310911567458
2012-06-21 03:00:00,8.946025445560627
2012-06-21 04:00:00,8.46821577173526
2012-06-21 05:00:00,38.46622869050854
2012-06-21 06:00:00,165.17650197452966
2012-06-21 07:00:00,440.8441813975976
2012-06-21 08:00:00,717.4377235734019
2012-06-21 09:00:00,323.0778269322446
2012-06-21 10:00:00,196.13389658420422
2012-06-21 11:00:00,198.01753221212087
2012-06-21 12:00:00,238.09042379450884
2012-06-21 13:00:00,229.08443927283747
2012-06-21 14:00:00,240.1338753826225
2012-06-21 15:00:00,231.67253212165167
2012-06-21 16:00:00,339.5692128473516
2012-06-21 17:00:00,729.5398445932451
2012-06-21 18:00:00,705.1275649489804
2012-06-21 19:00:00,546.0700117068719
2012-06-21 20:00:00,389.04882734386365
2012-06-21 21:00:00,362.85958299608734
2012-06-21 22:00:00,255.75738404197014
2012-06-21 23:00:00,179.17036733089233
2012-06-22 00:00:00,83.73363074770474
2012-06-22 01:00:00,40.04498277008866
2012-06-22 02:00:00,18.90981900282634
2012-06-22 03:00:00,9.900649748993215
2012-06-22 04:00:00,9.03487302615452
2012-06-22 05:00:00,36.75375534119036
2012-06-22 06:00:00,144.26071081460412
2012-06-22 07:00:00,387.70065924397704
2012-06-22 08:00:00,654.43530477669
2012-06-22 09:00:00,374.4098768231096
2012-06-22 10:00:00,235.8861807320371
2012-06-22 11:00:00,284.3919777191344
2012-06-22 12:00:00,348.0401785638776
2012-06-22 13:00:00,309.10869486109965
2012-06-22 14:00:00,282.3966128602056
2012-06-22 15:00:00,293.0341165707347
2012-06-22 16:00:00,403.4742843963824
2012-06-22 17:00:00,835.6522684581583
2012-06-22 18:00:00,677.9157646037944
2012-06-22 19:00:00,421.6342536250765
2012-06-22 20:00:00,308.22322505436676
2012-06-22 21:00:00,185.35491717289014
2012-06-22 22:00:00,227.4921529768564
2012-06-22 23:00:00,171.5720718351467
2012-06-23 00:00:00,165.66861239012556
2012-06-23 01:00:00,130.01191866025246
2012-06-23 02:00:00,62.19190960081849
2012-06-23 03:00:00,28.927374084782684
2012-06-23 04:00:00,11.110818371765353
2012-06-23 05:00:00,13.142188462762828
2012-06-23 06:00:00,28.0133135413291
2012-06-23 07:00:00,76.26904051271505
2012-06-23 08:00:00,179.78501944922294
2012-06-23 09:00:00,280.1106564533284
2012-06-23 10:00:00,419.02085347095914
2012-06-23 11:00:00,557.3059340497098
2012-06-23 12:00:00,637.1485089289685
2012-06-23 13:00:00,672.5618843384586
2012-06-23 14:00:00,630.9216786163221
2012-06-23 15:00:00,626.8242393362608
2012-06-23 16:00:00,659.7951480396001
2012-06-23 17:00:00,573.1049552583368
2012-06-23 18:00:00,539.8090169746945
2012-06-23 19:00:00,431.69899047374304
2012-06-23 20:00:00,345.1351237220191
2012-06-23 21:00:00,283.1349272244854
2012-06-23 22:00:00,277.159069228889
2012-06-23 23:00:00,224.13866867654903
2012-06-24 00:00:00,172.6644261129696
2012-06-24 01:00:00,134.7437481203894
2012-06-24 02:00:00,92.183807733934
2012-06-24 03:00:00,35.88740582127313
2012-06-24 04:00:00,12.01196083332544
2012-06-24 05:00:00,13.049617402069835
2012-06-24 06:00:00,24.15251580648166
2012-06-24 07:00:00,59.108810782415226
2012-06-24 08:00:00,115.79031898405073
2012-06-24 09:00:00,244.74752967674962
2012-06-24 10:00:00,433.82119694889764
2012-06-24 11:00:00,513.5468577031569
2012-06-24 12:00:00,624.6649514619012
2012-06-24 13:00:00,654.8311448344621
2012-06-24 14:00:00,611.6199056104077
2012-06-24 15:00:00,489.3928799949996
2012-06-24 16:00:00,534.4976163828941
2012-06-24 17:00:00,524.464041631224
2012-06-24 18:00:00,486.3789056260143
2012-06-24 19:00:00,373.88215355865145
2012-06-24 20:00:00,292.3672343359406
2012-06-24 21:00:00,227.30186332990954
2012-06-24 22:00:00,170.63906884685366
2012-06-24 23:00:00,105.96043435863116
2012-06-25 00:00:00,43.61981690906086
2012-06-25 01:00:00,17.946344563223857
2012-06-25 02:00:00,10.61330968051596
2012-06-25 03:00:00,6.762358433165304
2012-06-25 04:00:00,8.094900837183152
2012-06-25 05:00:00,33.28653064728377
2012-06-25 06:00:00,152.6011807180141
2012-06-25 07:00:00,427.67502927156136
2012-06-25 08:00:00,635.8630663859041
2012-06-25 09:00:00,328.5596329808489
2012-06-25 10:00:00,177.37695572449425
2012-06-25 11:00:00,223.3970492926784
2012-06-25 12:00:00,296.18171858545855
2012-06-25 13:00:00,267.4834821549601
2012-06-25 14:00:00,269.12355371360513
2012-06-25 15:00:00,289.04578769347506
2012-06-25 16:00:00,455.21691238062016
2012-06-25 17:00:00,775.3490722811501
2012-06-25 18:00:00,806.1648284355298
2012-06-25 19:00:00,539.0327774733737
2012-06-25 20:00:00,374.6679054311675
2012-06-25 21:00:00,274.28344181819716
2012-06-25 22:00:00,212.02983569272476
2012-06-25 23:00:00,94.59074573493625
2012-06-26 00:00:00,37.001243347523605
2012-06-26 01:00:00,11.03247879950201
2012-06-26 02:00:00,8.459958266529979
2012-06-26 03:00:00,6.438222011868622
2012-06-26 04:00:00,8.290824427910865
2012-06-26 05:00:00,37.100741548709564
2012-06-26 06:00:00,160.36361777557175
2012-06-26 07:00:00,501.34438596455186
2012-06-26 08:00:00,748.3945900239545
2012-06-26 09:00:00,360.9684862464843
2012-06-26 10:00:00,195.45681782925942
2012-06-26 11:00:00,245.0293032972672
2012-06-26 12:00:00,320.9361015854912
2012-06-26 13:00:00,288.40108445512055
2012-06-26 14:00:00,262.265373004535
2012-06-26 15:00:00,279.6028843330674
2012-06-26 16:00:00,416.3502139325939
2012-06-26 17:00:00,914.7192793878571
2012-06-26 18:00:00,837.177048656312
2012-06-26 19:00:00,692.9039523299354
2012-06-26 20:00:00,448.6416507146201
2012-06-26 21:00:00,371.61433940861843
2012-06-26 22:00:00,258.54934482948596
2012-06-26 23:00:00,152.16517743110376
2012-06-27 00:00:00,39.81267849174212
2012-06-27 01:00:00,20.20540967188394
2012-06-27 02:00:00,11.09266607153952
2012-06-27 03:00:00,7.551718607624435
2012-06-27 04:00:00,6.24963651466584
2012-06-27 05:00:00,36.01588896710767
2012-06-27 06:00:00,163.15620380356935
2012-06-27 07:00:00,504.07898627499833
2012-06-27 08:00:00,680.057219264551
2012-06-27 09:00:00,329.08461158106877
2012-06-27 10:00:00,216.2346090279593
2012-06-27 11:00:00,212.7417593893489
2012-06-27 12:00:00,287.541200002938
2012-06-27 13:00:00,288.89713895989667
2012-06-27 14:00:00,262.54617351233713
2012-06-27 15:00:00,279.5462106139016
2012-06-27 16:00:00,437.25495385458527
2012-06-27 17:00:00,867.4262403888035
2012-06-27 18:00:00,830.7451860752986
2012-06-27 19:00:00,626.7908327162262
2012-06-27 20:00:00,469.24217064595183
2012-06-27 21:00:00,345.14387469314687
2012-06-27 22:00:00,286.50880273648437
2012-06-27 23:00:00,142.86749854441624
2012-06-28 00:00:00,55.15952948533312
2012-06-28 01:00:00,24.41554631670988
2012-06-28 02:00:00,13.153931416740695
2012-06-28 03:00:00,7.858714017144207
2012-06-28 04:00:00,8.786282209748148
2012-06-28 05:00:00,39.74012675425927
2012-06-28 06:00:00,170.88814892368407
2012-06-28 07:00:00,513.2987733209459
2012-06-28 08:00:00,647.9354733681691
2012-06-28 09:00:00,348.5194245276169
2012-06-28 10:00:00,201.05053086595805
2012-06-28 11:00:00,213.34497782775756
2012-06-28 12:00:00,322.4767815889767
2012-06-28 13:00:00,289.730487071864
2012-06-28 14:00:00,267.0490333842081
2012-06-28 15:00:00,289.68539434721686
2012-06-28 16:00:00,525.0596061858249
2012-06-28 17:00:00,965.0981204662455
2012-06-28 18:00:00,757.0212401002882
2012-06-28 19:00:00,618.3182928581273
2012-06-28 20:00:00,486.04442052544874
2012-06-28 21:00:00,342.68712728861357
2012-06-28 22:00:00,276.0777656763236
2012-06-28 23:00:00,182.430719687892
2012-06-29 00:00:00,94.93474598605283
2012-06-29 01:00:00,39.35119185366668
2012-06-29 02:00:00,18.64057986078907
2012-06-29 03:00:00,8.901456678221207
2012-06-29 04:00:00,9.069669092197318
2012-06-29 05:00:00,39.94095336351691
2012-06-29 06:00:00,176.0689239946967
2012-06-29 07:00:00,446.37875514497716
2012-06-29 08:00:00,704.4239002808334
2012-06-29 09:00:00,353.99851192457805
2012-06-29 10:00:00,207.30658760156388
2012-06-29 11:00:00,258.31690051377984
2012-06-29 12:00:00,314.5691686350173
2012-06-29 13:00:00,271.4885131199679
2012-06-29 14:00:00,278.7410638898476
2012-06-29 15:00:00,284.40122193234214
2012-06-29 16:00:00,395.13133103485285
2012-06-29 17:00:00,680.0153894199118
2012-06-29 18:00:00,508.6590766093983
2012-06-29 19:00:00,435.5958790685254
2012-06-29 20:00:00,394.37367446798964
2012-06-29 21:00:00,297.092387969124
2012-06-29 22:00:00,159.9219435254264
2012-06-29 23:00:00,131.93410589279546
2012-06-30 00:00:00,119.31511809999459
2012-06-30 01:00:00,91.8501112259521
2012-06-30 02:00:00,62.396676311905786
2012-06-30 03:00:00,28.511281852373436
2012-06-30 04:00:00,10.306110569181243
2012-06-30 05:00:00,16.15407661385326
2012-06-30 06:00:00,31.170716950834347
2012-06-30 07:00:00,80.87391214143614
2012-06-30 08:00:00,165.46236348190172
2012-06-30 09:00:00,256.03375049742334
2012-06-30 10:00:00,305.9080717279907
2012-06-30 11:00:00,382.00495070309853
2012-06-30 12:00:00,475.5343991280655
2012-06-30 13:00:00,515.5893233480369
2012-06-30 14:00:00,501.8228745550958
2012-06-30 15:00:00,493.0357852943195
2012-06-30 16:00:00,461.76892483971255
2012-06-30 17:00:00,433.42869051197454
2012-06-30 18:00:00,360.76300684537716
2012-06-30 19:00:00,443.79702072814877
2012-06-30 20:00:00,377.7013213363822
2012-06-30 21:00:00,320.330559514571
2012-06-30 22:00:00,261.28760822354144
2012-06-30 23:00:00,243.4689559247104
2012-07-20 00:00:00,46.786291096723836
2012-07-20 01:00:00,38.26002577160937
2012-07-20 02:00:00,14.35423456935198
2012-07-20 03:00:00,9.15420250581298
2012-07-20 04:00:00,8.828524912360042
2012-07-20 05:00:00,33.87694387304717
2012-07-20 06:00:00,147.14133422652972
2012-07-20 07:00:00,355.65552108417586
2012-07-20 08:00:00,668.0621088410994
2012-07-20 09:00:00,368.60971837638084
2012-07-20 10:00:00,196.09067272796534
2012-07-20 11:00:00,190.83829961753437
2012-07-20 12:00:00,168.87183759139901
2012-07-20 13:00:00,138.74677931169262
2012-07-20 14:00:00,149.7731568918208
2012-07-20 15:00:00,210.08819245228307
2012-07-20 16:00:00,304.5625017645915
2012-07-20 17:00:00,482.41000711149275
2012-07-20 18:00:00,663.4260048457774
2012-07-20 19:00:00,320.5431882651195
2012-07-20 20:00:00,141.65512555073607
2012-07-20 21:00:00,116.9562267258729
2012-07-20 22:00:00,174.94623654544023
2012-07-20 23:00:00,150.5568006310368
2012-07-21 00:00:00,94.68715274437902
2012-07-21 01:00:00,104.08161797084813
2012-07-21 02:00:00,42.795914771591214
2012-07-21 03:00:00,20.87697909107918
2012-07-21 04:00:00,6.974534079549084
2012-07-21 05:00:00,9.20613250005836
2012-07-21 06:00:00,14.820616355195762
2012-07-21 07:00:00,66.16022481771817
2012-07-21 08:00:00,148.75436949541293
2012-07-21 09:00:00,232.95138974645732
2012-07-21 10:00:00,179.24400667856005
2012-07-21 11:00:00,386.37866115700695
2012-07-21 12:00:00,237.9316098404572
2012-07-21 13:00:00,258.44042872475234
2012-07-21 14:00:00,358.1307565093164
2012-07-21 15:00:00,209.36635320267172
2012-07-21 16:00:00,203.92405448472405
2012-07-21 17:00:00,244.6846274372607
2012-07-21 18:00:00,269.9831430732597
2012-07-21 19:00:00,288.50878292391036
2012-07-21 20:00:00,138.5392948895036
2012-07-21 21:00:00,174.7781476999464
2012-07-21 22:00:00,149.6369118501482
2012-07-21 23:00:00,126.91249744044242
2012-07-22 00:00:00,128.7890211496363
2012-07-22 01:00:00,120.91171360118297
2012-07-22 02:00:00,79.44285795556615
2012-07-22 03:00:00,38.14600405547262
2012-07-22 04:00:00,13.751089546275075
2012-07-22 05:00:00,13.80371753802118
2012-07-22 06:00:00,18.647029901501735
2012-07-22 07:00:00,44.62287675533623
2012-07-22 08:00:00,112.22391304445217
2012-07-22 09:00:00,218.6480749092318
2012-07-22 10:00:00,397.426019565377
2012-07-22 11:00:00,461.1812912642984
2012-07-22 12:00:00,536.3852016250697
2012-07-22 13:00:00,529.9716674685595
2012-07-22 14:00:00,501.2117019902137
2012-07-22 15:00:00,492.2147588802132
2012-07-22 16:00:00,493.5697086755916
2012-07-22 17:00:00,489.5082891776318
2012-07-22 18:00:00,425.85794259668324
2012-07-22 19:00:00,357.90954783993135
2012-07-22 20:00:00,266.70354792900866
2012-07-22 21:00:00,187.14105299896798
2012-07-22 22:00:00,166.4715718119636
2012-07-22 23:00:00,100.20211943874949
2012-07-23 00:00:00,35.65518415861267
2012-07-23 01:00:00,15.832362208632166
2012-07-23 02:00:00,7.661966958942874
2012-07-23 03:00:00,5.012714400136938
2012-07-23 04:00:00,5.417945359169054
2012-07-23 05:00:00,21.16269887377607
2012-07-23 06:00:00,94.80503946988007
2012-07-23 07:00:00,318.8478284987818
2012-07-23 08:00:00,571.0641042020231
2012-07-23 09:00:00,314.78630954434027
2012-07-23 10:00:00,179.44837643734297
2012-07-23 11:00:00,226.34013207913978
2012-07-23 12:00:00,300.14273764241545
2012-07-23 13:00:00,287.85369573448435
2012-07-23 14:00:00,252.80212203870613
2012-07-23 15:00:00,260.4460911813847
2012-07-23 16:00:00,420.02912860628766
2012-07-23 17:00:00,832.096459261402
2012-07-23 18:00:00,857.766854994848
2012-07-23 19:00:00,636.8127927953846
2012-07-23 20:00:00,423.2223935473224
2012-07-23 21:00:00,310.72640001986906
2012-07-23 22:00:00,212.2280011834237
2012-07-23 23:00:00,119.35017145695636
2012-07-24 00:00:00,48.252048396591455
2012-07-24 01:00:00,17.318322325289166
2012-07-24 02:00:00,9.645620406061743
2012-07-24 03:00:00,7.495819478196892
2012-07-24 04:00:00,8.582209889357937
2012-07-24 05:00:00,38.945873044652664
2012-07-24 06:00:00,154.31938717168293
2012-07-24 07:00:00,489.71616856418615
2012-07-24 08:00:00,689.4256924910172
2012-07-24 09:00:00,390.05045547146227
2012-07-24 10:00:00,203.66094772081365
2012-07-24 11:00:00,209.73874414315495
2012-07-24 12:00:00,298.1592547056659
2012-07-24 13:00:00,255.05211127057416
2012-07-24 14:00:00,241.8819912741433
2012-07-24 15:00:00,267.19802363711904
2012-07-24 16:00:00,427.7383609900445
2012-07-24 17:00:00,836.6583718631609
2012-07-24 18:00:00,732.827917772164
2012-07-24 19:00:00,587.6432612709804
2012-07-24 20:00:00,421.60093576777075
2012-07-24 21:00:00,325.350846129758
2012-07-24 22:00:00,232.41629512776512
2012-07-24 23:00:00,129.32613841537338
2012-07-25 00:00:00,47.94347325258868
2012-07-25 01:00:00,18.225244653753986
2012-07-25 02:00:00,12.258336056765058
2012-07-25 03:00:00,7.214411580882757
2012-07-25 04:00:00,7.916001689454157
2012-07-25 05:00:00,36.53266437391178
2012-07-25 06:00:00,166.27325147612763
2012-07-25 07:00:00,470.9718610310513
2012-07-25 08:00:00,755.8796759100344
2012-07-25 09:00:00,361.71451520745376
2012-07-25 10:00:00,217.43643824681772
2012-07-25 11:00:00,232.66786115400745
2012-07-25 12:00:00,307.8478880372739
2012-07-25 13:00:00,291.83483218294117
2012-07-25 14:00:00,261.8815669317789
2012-07-25 15:00:00,296.6104965249673
2012-07-25 16:00:00,444.0320762251167
2012-07-25 17:00:00,877.5949993564303
2012-07-25 18:00:00,871.6857203509292
2012-07-25 19:00:00,640.9926347911808
2012-07-25 20:00:00,486.9277608616353
2012-07-25 21:00:00,359.9535827983894
2012-07-25 22:00:00,238.955804656843
2012-07-25 23:00:00,150.8345424205866
2012-07-26 00:00:00,58.9102540521599
2012-07-26 01:00:00,23.75319313395446
2012-07-26 02:00:00,13.115868581106831
2012-07-26 03:00:00,8.077081111633849
2012-07-26 04:00:00,8.460299059866408
2012-07-26 05:00:00,42.5333697245416
2012-07-26 06:00:00,189.02655957287047
2012-07-26 07:00:00,516.8814120513305
2012-07-26 08:00:00,717.9244344841977
2012-07-26 09:00:00,352.86167654580794
2012-07-26 10:00:00,204.07308467876797
2012-07-26 11:00:00,193.039859075515
2012-07-26 12:00:00,255.2124861672205
2012-07-26 13:00:00,258.668432142421
2012-07-26 14:00:00,219.56998527839
2012-07-26 15:00:00,245.05420765645897
2012-07-26 16:00:00,357.8597147987358
2012-07-26 17:00:00,731.5275511647861
2012-07-26 18:00:00,662.3212089240982
2012-07-26 19:00:00,497.65335161869183
2012-07-26 20:00:00,469.59948920240123
2012-07-26 21:00:00,285.9505588248564
2012-07-26 22:00:00,220.62256202287475
2012-07-26 23:00:00,169.02630551688767
2012-07-27 00:00:00,100.652833029007
2012-07-27 01:00:00,40.8150879893631
2012-07-27 02:00:00,18.257829110242472
2012-07-27 03:00:00,10.925786799819905
2012-07-27 04:00:00,9.292230775832914
2012-07-27 05:00:00,40.13022511868421
2012-07-27 06:00:00,159.9994242062596
2012-07-27 07:00:00,417.5299357955112
2012-07-27 08:00:00,691.2703623794164
2012-07-27 09:00:00,409.1610611370764
2012-07-27 10:00:00,219.20932584762414
2012-07-27 11:00:00,267.1383835123989
2012-07-27 12:00:00,353.24763007194787
2012-07-27 13:00:00,320.19832320292085
2012-07-27 14:00:00,269.9238993742127
2012-07-27 15:00:00,321.8954334921327
2012-07-27 16:00:00,458.9733753345531
2012-07-27 17:00:00,735.8225210046278
2012-07-27 18:00:00,733.1445907793806
2012-07-27 19:00:00,544.3221409195299
2012-07-27 20:00:00,367.81967950857273
2012-07-27 21:00:00,305.1894375304255
2012-07-27 22:00:00,249.8239289563741
2012-07-27 23:00:00,202.71887970768262
2012-07-28 00:00:00,174.68958716718913
2012-07-28 01:00:00,110.75753292007126
2012-07-28 02:00:00,77.16160495077331
2012-07-28 03:00:00,32.59740739873229
2012-07-28 04:00:00,11.001999269790687
2012-07-28 05:00:00,16.620896297088624
2012-07-28 06:00:00,31.63897665082094
2012-07-28 07:00:00,83.27742307845257
2012-07-28 08:00:00,174.27848266267844
2012-07-28 09:00:00,274.83197946785555
2012-07-28 10:00:00,450.133008318856
2012-07-28 11:00:00,584.6961340554784
2012-07-28 12:00:00,626.6994092450648
2012-07-28 13:00:00,549.1516024528757
2012-07-28 14:00:00,549.6564053650169
2012-07-28 15:00:00,550.9397108014696
2012-07-28 16:00:00,533.7934238975905
2012-07-28 17:00:00,571.3011694589974
2012-07-28 18:00:00,536.6299769421383
2012-07-28 19:00:00,342.82163001318077
2012-07-28 20:00:00,276.0517751222589
2012-07-28 21:00:00,307.87836173646343
2012-07-28 22:00:00,267.22393143623873
2012-07-28 23:00:00,234.83263900784675
2012-07-29 00:00:00,176.57473962542485
2012-07-29 01:00:00,137.42474800450728
2012-07-29 02:00:00,103.96439239991174
2012-07-29 03:00:00,37.97161216050889
2012-07-29 04:00:00,12.208330000222091
2012-07-29 05:00:00,13.218686314567282
2012-07-29 06:00:00,24.759287485652678
2012-07-29 07:00:00,63.6594194082498
2012-07-29 08:00:00,129.59481255453542
2012-07-29 09:00:00,229.1073981373611
2012-07-29 10:00:00,368.0830239429777
2012-07-29 11:00:00,472.34385169113324
2012-07-29 12:00:00,575.566837739677
2012-07-29 13:00:00,596.3130937992868
2012-07-29 14:00:00,586.2761314062008
2012-07-29 15:00:00,568.034528107631
2012-07-29 16:00:00,560.994198203837
2012-07-29 17:00:00,485.1811023425719
2012-07-29 18:00:00,454.20506379497283
2012-07-29 19:00:00,361.6985877162082
2012-07-29 20:00:00,265.55220785344096
2012-07-29 21:00:00,210.7870556713953
2012-07-29 22:00:00,165.54230917888782
2012-07-29 23:00:00,112.3592282132788
2012-07-30 00:00:00,50.43055198583818
2012-07-30 01:00:00,21.94267557928919
2012-07-30 02:00:00,11.613762553860527
2012-07-30 03:00:00,7.017526428552393
2012-07-30 04:00:00,8.327872089458552
2012-07-30 05:00:00,33.82300210408327
2012-07-30 06:00:00,139.38339231741193
2012-07-30 07:00:00,364.3916631909353
2012-07-30 08:00:00,628.9772075646047
2012-07-30 09:00:00,360.7283272048536
2012-07-30 10:00:00,193.1332612049417
2012-07-30 11:00:00,212.76228209755277
2012-07-30 12:00:00,276.0024828308637
2012-07-30 13:00:00,274.81313162831424
2012-07-30 14:00:00,254.5231247763063
2012-07-30 15:00:00,275.2649390401698
2012-07-30 16:00:00,420.6292913170898
2012-07-30 17:00:00,854.9191851833091
2012-07-30 18:00:00,772.875154261693
2012-07-30 19:00:00,631.4086516755625
2012-07-30 20:00:00,443.8644315645713
2012-07-30 21:00:00,304.87024462284785
2012-07-30 22:00:00,174.6932777783135
2012-07-30 23:00:00,115.64949626559036
2012-07-31 00:00:00,40.337322111881846
2012-07-31 01:00:00,18.583024756829417
2012-07-31 02:00:00,9.14263353974901
2012-07-31 03:00:00,7.452326125737777
2012-07-31 04:00:00,8.582209889357937
2012-07-31 05:00:00,38.76337614939597
2012-07-31 06:00:00,165.97541023453647
2012-07-31 07:00:00,421.5834113548643
2012-07-31 08:00:00,591.5812826349819
2012-07-31 09:00:00,341.4750213281728
2012-07-31 10:00:00,173.45323404155113
2012-07-31 11:00:00,210.40212022978835
2012-07-31 12:00:00,305.25252846545214
2012-07-31 13:00:00,267.7201132363495
2012-07-31 14:00:00,245.72302392631318
2012-07-31 15:00:00,249.12289254648152
2012-07-31 16:00:00,407.01466849577116
2012-07-31 17:00:00,880.1912261102098
2012-07-31 18:00:00,850.4497930694068
2012-07-31 19:00:00,493.11853715762805
2012-07-31 20:00:00,309.9466720915343
2012-07-31 21:00:00,254.8179519461174
2012-07-31 22:00:00,222.082226793024
2012-07-31 23:00:00,117.19580913473337
2012-08-20 00:00:00,36.99711130647022
2012-08-20 01:00:00,20.98482382396863
2012-08-20 02:00:00,11.463004016611846
2012-08-20 03:00:00,6.311580546486763
2012-08-20 04:00:00,7.4863715202122565
2012-08-20 05:00:00,31.790132777127273
2012-08-20 06:00:00,181.14607638172413
2012-08-20 07:00:00,416.08315404806086
2012-08-20 08:00:00,657.7572704891963
2012-08-20 09:00:00,335.26654425105
2012-08-20 10:00:00,173.2854705503062
2012-08-20 11:00:00,210.29988644870326
2012-08-20 12:00:00,301.0767638664
2012-08-20 13:00:00,248.3122460580108
2012-08-20 14:00:00,245.56991696733493
2012-08-20 15:00:00,269.9727017230217
2012-08-20 16:00:00,425.730722050387
2012-08-20 17:00:00,771.6412384657725
2012-08-20 18:00:00,618.0015518636693
2012-08-20 19:00:00,462.63263348926756
2012-08-20 20:00:00,248.49794208177215
2012-08-20 21:00:00,239.18746898761927
2012-08-20 22:00:00,144.09762361185082
2012-08-20 23:00:00,81.37184913065317
2012-08-21 00:00:00,32.23577693880856
2012-08-21 01:00:00,14.805042393803554
2012-08-21 02:00:00,7.1295782699144405
2012-08-21 03:00:00,5.910249412187405
2012-08-21 04:00:00,6.8685465402659736
2012-08-21 05:00:00,39.745866840873624
2012-08-21 06:00:00,173.97227266821346
2012-08-21 07:00:00,528.0505600904423
2012-08-21 08:00:00,748.0897062631593
2012-08-21 09:00:00,330.05396108004254
2012-08-21 10:00:00,203.14731666791258
2012-08-21 11:00:00,226.6895450492314
2012-08-21 12:00:00,302.22850573015734
2012-08-21 13:00:00,305.8757816505567
2012-08-21 14:00:00,289.30937080021124
2012-08-21 15:00:00,314.74773595788525
2012-08-21 16:00:00,483.7206562171714
2012-08-21 17:00:00,854.5919543113426
2012-08-21 18:00:00,882.699538464272
2012-08-21 19:00:00,428.48760908902403
2012-08-21 20:00:00,410.60933385391667
2012-08-21 21:00:00,318.7664437417956
2012-08-21 22:00:00,204.28937476807758
2012-08-21 23:00:00,131.07843822905352
2012-08-22 00:00:00,48.71884282084442
2012-08-22 01:00:00,20.81339601769452
2012-08-22 02:00:00,10.33901609058055
2012-08-22 03:00:00,7.485546195112084
2012-08-22 04:00:00,7.8188720860995575
2012-08-22 05:00:00,46.080340333288476
2012-08-22 06:00:00,178.06930683253796
2012-08-22 07:00:00,480.0472431780195
2012-08-22 08:00:00,707.2423975793299
2012-08-22 09:00:00,311.72720342916955
2012-08-22 10:00:00,206.9780452324959
2012-08-22 11:00:00,221.01853545869454
2012-08-22 12:00:00,299.92150417625805
2012-08-22 13:00:00,281.6490864801401
2012-08-22 14:00:00,258.4906788551428
2012-08-22 15:00:00,274.8202742087135
2012-08-22 16:00:00,283.6087711949706
2012-08-22 17:00:00,584.6688648083303
2012-08-22 18:00:00,637.7129859955149
2012-08-22 19:00:00,514.1131871452112
2012-08-22 20:00:00,457.187165892937
2012-08-22 21:00:00,343.9650519837453
2012-08-22 22:00:00,257.5823348678519
2012-08-22 23:00:00,144.8759808716842
2012-08-23 00:00:00,60.77842776424705
2012-08-23 01:00:00,22.73042509434684
2012-08-23 02:00:00,10.532178328928719
2012-08-23 03:00:00,7.285550362602033
2012-08-23 04:00:00,7.27438713404541
2012-08-23 05:00:00,38.59729997173043
2012-08-23 06:00:00,144.61679982660684
2012-08-23 07:00:00,396.6218031310533
2012-08-23 08:00:00,694.5800685105462
2012-08-23 09:00:00,369.4635042911475
2012-08-23 10:00:00,191.31950611015603
2012-08-23 11:00:00,230.1623656993398
2012-08-23 12:00:00,312.82912285886323
2012-08-23 13:00:00,300.86670636081345
2012-08-23 14:00:00,265.9797131711004
2012-08-23 15:00:00,286.8489202774236
2012-08-23 16:00:00,437.8898292646438
2012-08-23 17:00:00,856.5095393220912
2012-08-23 18:00:00,841.1262467754457
2012-08-23 19:00:00,604.3383165138075
2012-08-23 20:00:00,439.36265446127885
2012-08-23 21:00:00,345.99188987689644
2012-08-23 22:00:00,256.092129375274
2012-08-23 23:00:00,156.1861296073724
2012-08-24 00:00:00,86.85443169174371
2012-08-24 01:00:00,38.00436601282092
2012-08-24 02:00:00,19.26230382216285
2012-08-24 03:00:00,9.835654308722305
2012-08-24 04:00:00,9.262196140756696
2012-08-24 05:00:00,39.75660925518994
2012-08-24 06:00:00,122.48925066780458
2012-08-24 07:00:00,381.68625699413633
2012-08-24 08:00:00,716.8537387461058
2012-08-24 09:00:00,389.32742677532525
2012-08-24 10:00:00,236.33016464109616
2012-08-24 11:00:00,280.41461955170126
2012-08-24 12:00:00,376.1272300155122
2012-08-24 13:00:00,343.8626846657111
2012-08-24 14:00:00,323.0719340026826
2012-08-24 15:00:00,340.48003754160703
2012-08-24 16:00:00,486.63371667917835
2012-08-24 17:00:00,813.2285430493455
2012-08-24 18:00:00,684.0529658601379
2012-08-24 19:00:00,480.70891881610225
2012-08-24 20:00:00,362.5349223941294
2012-08-24 21:00:00,290.10820188637206
2012-08-24 22:00:00,249.00050798971964
2012-08-24 23:00:00,169.33308566569926
2012-08-25 00:00:00,158.79547303532573
2012-08-25 01:00:00,99.93906191189032
2012-08-25 02:00:00,75.39519264932414
2012-08-25 03:00:00,31.81622136952438
2012-08-25 04:00:00,11.55868973769514
2012-08-25 05:00:00,14.97661522451331
2012-08-25 06:00:00,30.42803431742334
2012-08-25 07:00:00,75.31475198503529
2012-08-25 08:00:00,168.12893913550803
2012-08-25 09:00:00,276.91392434705506
2012-08-25 10:00:00,443.511422427125
2012-08-25 11:00:00,531.9880469289267
2012-08-25 12:00:00,625.2046399691487
2012-08-25 13:00:00,629.9899539183971
2012-08-25 14:00:00,453.9627217724144
2012-08-25 15:00:00,463.05695237596876
2012-08-25 16:00:00,472.7524824206155
2012-08-25 17:00:00,429.3940567850216
2012-08-25 18:00:00,473.144113905338
2012-08-25 19:00:00,369.51834427763225
2012-08-25 20:00:00,130.0816675520028
2012-08-25 21:00:00,223.32661533674414
2012-08-25 22:00:00,212.19781178551446
2012-08-25 23:00:00,165.87545690636526
2012-08-26 00:00:00,175.26759539388163
2012-08-26 01:00:00,131.0056494137768
2012-08-26 02:00:00,90.43573416310022
2012-08-26 03:00:00,43.71193271933264
2012-08-26 04:00:00,12.843734772080497
2012-08-26 05:00:00,12.614693935369088
2012-08-26 06:00:00,18.473045458893107
2012-08-26 07:00:00,52.24697292541216
2012-08-26 08:00:00,116.80011426689514
2012-08-26 09:00:00,219.3729548281718
2012-08-26 10:00:00,418.6738205178721
2012-08-26 11:00:00,495.5090805082943
2012-08-26 12:00:00,382.96638312702737
2012-08-26 13:00:00,480.2802314863005
2012-08-26 14:00:00,386.80556314723646
2012-08-26 15:00:00,237.95784135310558
2012-08-26 16:00:00,222.0952469362627
2012-08-26 17:00:00,325.1675984185708
2012-08-26 18:00:00,255.18034809661327
2012-08-26 19:00:00,266.63478275021805
2012-08-26 20:00:00,229.92821247406496
2012-08-26 21:00:00,154.08030340060625
2012-08-26 22:00:00,152.6245252559455
2012-08-26 23:00:00,105.05513641154305
2012-08-27 00:00:00,48.833512969599624
2012-08-27 01:00:00,16.633805264775063
2012-08-27 02:00:00,8.164187030470837
2012-08-27 03:00:00,5.778757733454945
2012-08-27 04:00:00,8.194527281917477
2012-08-27 05:00:00,29.66220915235309
2012-08-27 06:00:00,118.90703408880121
2012-08-27 07:00:00,371.2668616061154
2012-08-27 08:00:00,554.0657101955588
2012-08-27 09:00:00,288.89431188474816
2012-08-27 10:00:00,174.7921827305358
2012-08-27 11:00:00,213.11052348643636
2012-08-27 12:00:00,251.81404556890084
2012-08-27 13:00:00,272.27295115513374
2012-08-27 14:00:00,259.4218887327292
2012-08-27 15:00:00,265.7361012575997
2012-08-27 16:00:00,423.09549280314485
2012-08-27 17:00:00,867.327487698202
2012-08-27 18:00:00,858.1241414275266
2012-08-27 19:00:00,623.2428280643705
2012-08-27 20:00:00,436.1204950142145
2012-08-27 21:00:00,278.6945073120869
2012-08-27 22:00:00,152.12524760351997
2012-08-27 23:00:00,96.42504790721355
2012-08-28 00:00:00,47.15170026796553
2012-08-28 01:00:00,20.919961723254374
2012-08-28 02:00:00,10.528914211907278
2012-08-28 03:00:00,7.54695323404228
2012-08-28 04:00:00,8.142119872595856
2012-08-28 05:00:00,35.822710130012794
2012-08-28 06:00:00,151.9484636003602
2012-08-28 07:00:00,409.2750035101759
2012-08-28 08:00:00,440.851763667259
2012-08-28 09:00:00,315.68706021520075
2012-08-28 10:00:00,190.51400013141694
2012-08-28 11:00:00,227.2579670998791
2012-08-28 12:00:00,277.39312278671844
2012-08-28 13:00:00,282.6054897350147
2012-08-28 14:00:00,256.0285370858818
2012-08-28 15:00:00,306.198096839431
2012-08-28 16:00:00,437.1278430581626
2012-08-28 17:00:00,870.183772736582
2012-08-28 18:00:00,899.3775129283241
2012-08-28 19:00:00,646.8497820062992
2012-08-28 20:00:00,466.9772477462775
2012-08-28 21:00:00,364.0020440952185
2012-08-28 22:00:00,257.41659503090807
2012-08-28 23:00:00,163.84721307862836
2012-08-29 00:00:00,55.55807787521158
2012-08-29 01:00:00,18.715019398979845
2012-08-29 02:00:00,10.14645210807124
2012-08-29 03:00:00,7.579336680400443
2012-08-29 04:00:00,7.685784278360987
2012-08-29 05:00:00,44.136870186952486
2012-08-29 06:00:00,202.9889102408314
2012-08-29 07:00:00,464.0602916731797
2012-08-29 08:00:00,722.2893582182132
2012-08-29 09:00:00,340.1038670931302
2012-08-29 10:00:00,195.80046560552614
2012-08-29 11:00:00,237.5449983089322
2012-08-29 12:00:00,302.14903513573404
2012-08-29 13:00:00,306.2901342338292
2012-08-29 14:00:00,268.47886896334495
2012-08-29 15:00:00,284.5954494199161
2012-08-29 16:00:00,456.49203697420734
2012-08-29 17:00:00,877.4230259428844
2012-08-29 18:00:00,884.9636998930222
2012-08-29 19:00:00,651.1959415262568
2012-08-29 20:00:00,480.21616732968346
2012-08-29 21:00:00,373.10513595906514
2012-08-29 22:00:00,268.62880354830327
2012-08-29 23:00:00,172.0576337591734
2012-08-30 00:00:00,63.49857998703777
2012-08-30 01:00:00,22.34496899758005
2012-08-30 02:00:00,12.03167581025617
2012-08-30 03:00:00,7.673332138809269
2012-08-30 04:00:00,7.818442441902896
2012-08-30 05:00:00,40.571079638720164
2012-08-30 06:00:00,194.77205727409296
2012-08-30 07:00:00,493.7054058336067
2012-08-30 08:00:00,633.8366210405896
2012-08-30 09:00:00,320.6098296313715
2012-08-30 10:00:00,197.29847362032677
2012-08-30 11:00:00,235.63742966942348
2012-08-30 12:00:00,293.32914614825825
2012-08-30 13:00:00,280.04471787277566
2012-08-30 14:00:00,257.1636026235184
2012-08-30 15:00:00,288.9833529966243
2012-08-30 16:00:00,451.16424992450135
2012-08-30 17:00:00,935.4321638766518
2012-08-30 18:00:00,841.7278691291899
2012-08-30 19:00:00,617.5070276664668
2012-08-30 20:00:00,417.58166657583297
2012-08-30 21:00:00,325.2202040883272
2012-08-30 22:00:00,270.6318390428678
2012-08-30 23:00:00,174.03862023436457
2012-08-31 00:00:00,89.60971346747935
2012-08-31 01:00:00,41.85508703423756
2012-08-31 02:00:00,17.47916208843844
2012-08-31 03:00:00,9.928486854399331
2012-08-31 04:00:00,8.212991290777182
2012-08-31 05:00:00,37.66602815579119
2012-08-31 06:00:00,147.14133422652972
2012-08-31 07:00:00,319.229858889423
2012-08-31 08:00:00,716.8537387461058
2012-08-31 09:00:00,395.72957148014837
2012-08-31 10:00:00,223.99229310913418
2012-08-31 11:00:00,282.6912983233978
2012-08-31 12:00:00,359.12520099807676
2012-08-31 13:00:00,343.34213199526005
2012-08-31 14:00:00,326.7608776239633
2012-08-31 15:00:00,353.7407127932692
2012-08-31 16:00:00,474.7384077398651
2012-08-31 17:00:00,718.1134385133668
2012-08-31 18:00:00,664.5983934809024
2012-08-31 19:00:00,539.9756107210115
2012-08-31 20:00:00,403.52377463058735
2012-08-31 21:00:00,293.25614314719553
2012-08-31 22:00:00,247.5577555138689
2012-08-31 23:00:00,215.94871247846189
2012-09-20 00:00:00,56.628504008154735
2012-09-20 01:00:00,24.655085482722107
2012-09-20 02:00:00,12.864514270118917
2012-09-20 03:00:00,8.503276609658414
2012-09-20 04:00:00,8.634647536520394
2012-09-20 05:00:00,46.78325183056408
2012-09-20 06:00:00,197.05534133919505
2012-09-20 07:00:00,513.2718956799002
2012-09-20 08:00:00,794.1343508810689
2012-09-20 09:00:00,396.89407235272483
2012-09-20 10:00:00,218.1342999269602
2012-09-20 11:00:00,231.4681549633888
2012-09-20 12:00:00,287.8895820099795
2012-09-20 13:00:00,284.3589552603793
2012-09-20 14:00:00,237.43897835778753
2012-09-20 15:00:00,258.20880543726577
2012-09-20 16:00:00,404.1983220611807
2012-09-20 17:00:00,837.6688135355286
2012-09-20 18:00:00,852.0964438641652
2012-09-20 19:00:00,561.1062918160055
2012-09-20 20:00:00,422.13961194980317
2012-09-20 21:00:00,325.1079728538773
2012-09-20 22:00:00,249.83948650559597
2012-09-20 23:00:00,167.51891619899197
2012-09-21 00:00:00,80.49327525823128
2012-09-21 01:00:00,40.41552809243229
2012-09-21 02:00:00,19.35907394006526
2012-09-21 03:00:00,10.487577005007905
2012-09-21 04:00:00,9.616791251170131
2012-09-21 05:00:00,39.999107851990985
2012-09-21 06:00:00,183.28652878892663
2012-09-21 07:00:00,457.79204122386204
2012-09-21 08:00:00,847.7892361419158
2012-09-21 09:00:00,433.63355246057193
2012-09-21 10:00:00,242.8322630375476
2012-09-21 11:00:00,292.71005669043257
2012-09-21 12:00:00,345.7122281562191
2012-09-21 13:00:00,334.1664929245639
2012-09-21 14:00:00,308.2879215436944
2012-09-21 15:00:00,334.9045296368497
2012-09-21 16:00:00,476.8803653955528
2012-09-21 17:00:00,797.1979352306855
2012-09-21 18:00:00,730.5087321423072
2012-09-21 19:00:00,535.6959742312496
2012-09-21 20:00:00,363.0380867378475
2012-09-21 21:00:00,282.1509242566026
2012-09-21 22:00:00,245.45614216818998
2012-09-21 23:00:00,159.9547580679189
2012-09-22 00:00:00,139.7433300164151
2012-09-22 01:00:00,103.68722468659847
2012-09-22 02:00:00,71.86344839554148
2012-09-22 03:00:00,33.71510010763939
2012-09-22 04:00:00,11.487264160063681
2012-09-22 05:00:00,15.438960314913974
2012-09-22 06:00:00,30.594518986224394
2012-09-22 07:00:00,90.66303521742113
2012-09-22 08:00:00,178.6224898846441
2012-09-22 09:00:00,281.15300670867026
2012-09-22 10:00:00,440.4176344978058
2012-09-22 11:00:00,511.1934739057884
2012-09-22 12:00:00,655.401420457179
2012-09-22 13:00:00,624.8561460558338
2012-09-22 14:00:00,631.3083762597703
2012-09-22 15:00:00,622.9415987258382
2012-09-22 16:00:00,605.9363243701185
2012-09-22 17:00:00,568.1355133481511
2012-09-22 18:00:00,533.2541542603575
2012-09-22 19:00:00,439.52063469478855
2012-09-22 20:00:00,384.00382405928895
2012-09-22 21:00:00,326.82767563590147
2012-09-22 22:00:00,283.5701686127218
2012-09-22 23:00:00,240.4368889274626
2012-09-23 00:00:00,143.39204378421954
2012-09-23 01:00:00,96.62551141663587
2012-09-23 02:00:00,74.99648434097962
2012-09-23 03:00:00,28.55463719832622
2012-09-23 04:00:00,10.881241521915383
2012-09-23 05:00:00,11.401751712624046
2012-09-23 06:00:00,20.036108288616116
2012-09-23 07:00:00,57.07829721636515
2012-09-23 08:00:00,126.47272702885968
2012-09-23 09:00:00,226.62802358020616
2012-09-23 10:00:00,417.604769649922
2012-09-23 11:00:00,490.549783753706
2012-09-23 12:00:00,550.5380409946073
2012-09-23 13:00:00,648.0370153135102
2012-09-23 14:00:00,613.9369359473761
2012-09-23 15:00:00,578.7876683677722
2012-09-23 16:00:00,618.30162071607
2012-09-23 17:00:00,444.6054132878024
2012-09-23 18:00:00,380.51424962155005
2012-09-23 19:00:00,276.3048129042765
2012-09-23 20:00:00,198.993213217902
2012-09-23 21:00:00,130.36828551398705
2012-09-23 22:00:00,115.36320609460398
2012-09-23 23:00:00,70.53900783037143
2012-09-24 00:00:00,41.80055711762748
2012-09-24 01:00:00,16.584207546384928
2012-09-24 02:00:00,9.22338328473371
2012-09-24 03:00:00,5.899383673772428
2012-09-24 04:00:00,7.743339390377822
2012-09-24 05:00:00,34.993338736523725
2012-09-24 06:00:00,155.2428005197454
2012-09-24 07:00:00,478.72710244027047
2012-09-24 08:00:00,690.1297320729456
2012-09-24 09:00:00,360.14863892353793
2012-09-24 10:00:00,202.8977636163233
2012-09-24 11:00:00,212.72895818534096
2012-09-24 12:00:00,259.3203312624005
2012-09-24 13:00:00,257.41825830373386
2012-09-24 14:00:00,227.5360207981633
2012-09-24 15:00:00,262.9955107982409
2012-09-24 16:00:00,355.83918524490144
2012-09-24 17:00:00,665.2971947660466
2012-09-24 18:00:00,718.5823689829346
2012-09-24 19:00:00,540.8257802238027
2012-09-24 20:00:00,361.02654462183307
2012-09-24 21:00:00,244.48629763072515
2012-09-24 22:00:00,161.83369418633464
2012-09-24 23:00:00,92.14384733559305
2012-09-25 00:00:00,30.67688936189328
2012-09-25 01:00:00,17.405393919370557
2012-09-25 02:00:00,8.26091923353476
2012-09-25 03:00:00,5.302952091493951
2012-09-25 04:00:00,7.1377544103299
2012-09-25 05:00:00,43.121405417211854
2012-09-25 06:00:00,181.89678449702964
2012-09-25 07:00:00,523.8025196197651
2012-09-25 08:00:00,704.3117127718772
2012-09-25 09:00:00,399.9727660216885
2012-09-25 10:00:00,205.04650014567375
2012-09-25 11:00:00,237.6704383262436
2012-09-25 12:00:00,307.52401499761265
2012-09-25 13:00:00,290.0436697578808
2012-09-25 14:00:00,301.0377904068266
2012-09-25 15:00:00,307.5331882579427
2012-09-25 16:00:00,544.8697652035215
2012-09-25 17:00:00,1075.6628447989851
2012-09-25 18:00:00,931.6489710222139
2012-09-25 19:00:00,634.3515950011774
2012-09-25 20:00:00,419.1941278031664
2012-09-25 21:00:00,313.627764704362
2012-09-25 22:00:00,220.17580256109804
2012-09-25 23:00:00,132.80176657533409
2012-09-26 00:00:00,48.553780338229366
2012-09-26 01:00:00,17.036542782065986
2012-09-26 02:00:00,9.082930814560067
2012-09-26 03:00:00,6.754121456281992
2012-09-26 04:00:00,8.275842170576997
2012-09-26 05:00:00,43.769924820039996
2012-09-26 06:00:00,206.60759355773976
2012-09-26 07:00:00,552.5936987973051
2012-09-26 08:00:00,806.4614648391833
2012-09-26 09:00:00,406.5478031894043
2012-09-26 10:00:00,216.33381880447862
2012-09-26 11:00:00,261.8433436769446
2012-09-26 12:00:00,319.11056866347474
2012-09-26 13:00:00,285.1169556090034
2012-09-26 14:00:00,274.470168171553
2012-09-26 15:00:00,293.60160347045877
2012-09-26 16:00:00,476.3553957926987
2012-09-26 17:00:00,905.5949713366819
2012-09-26 18:00:00,896.8044702202485
2012-09-26 19:00:00,636.2233202099627
2012-09-26 20:00:00,416.17536254785136
2012-09-26 21:00:00,327.34726386597697
2012-09-26 22:00:00,160.95487657735146
2012-09-26 23:00:00,99.74993840480506
2012-09-27 00:00:00,63.78618296158722
2012-09-27 01:00:00,26.782498913492116
2012-09-27 02:00:00,12.519452103710657
2012-09-27 03:00:00,8.419450296643275
2012-09-27 04:00:00,7.764854682173867
2012-09-27 05:00:00,44.04254645160501
2012-09-27 06:00:00,180.79577026352734
2012-09-27 07:00:00,613.9018136467627
2012-09-27 08:00:00,734.7497288925155
2012-09-27 09:00:00,362.098358064665
2012-09-27 10:00:00,223.76248782147346
2012-09-27 11:00:00,257.6270847266345
2012-09-27 12:00:00,322.81561444791026
2012-09-27 13:00:00,320.7535441700685
2012-09-27 14:00:00,289.6198542048443
2012-09-27 15:00:00,317.41768996887146
2012-09-27 16:00:00,434.104790867759
2012-09-27 17:00:00,794.7577888113542
2012-09-27 18:00:00,772.9563322069745
2012-09-27 19:00:00,562.2924637018206
2012-09-27 20:00:00,373.3739125287292
2012-09-27 21:00:00,153.57180350097693
2012-09-27 22:00:00,129.79193759137817
2012-09-27 23:00:00,121.35348000798852
2012-09-28 00:00:00,45.75217090913975
2012-09-28 01:00:00,20.8548410338176
2012-09-28 02:00:00,9.776370744533347
2012-09-28 03:00:00,7.346187835222569
2012-09-28 04:00:00,5.8877664628108395
2012-09-28 05:00:00,39.19426878163671
2012-09-28 06:00:00,137.13042003518177
2012-09-28 07:00:00,367.05332646656035
2012-09-28 08:00:00,752.1897431071355
2012-09-28 09:00:00,339.74344436043634
2012-09-28 10:00:00,212.0382929876586
2012-09-28 11:00:00,282.52043220129497
2012-09-28 12:00:00,382.025033699774
2012-09-28 13:00:00,366.23367253775734
2012-09-28 14:00:00,330.17385574362453
2012-09-28 15:00:00,351.080824081861
2012-09-28 16:00:00,527.673253780142
2012-09-28 17:00:00,824.2597250229975
2012-09-28 18:00:00,739.2299112080822
2012-09-28 19:00:00,572.5056196879992
2012-09-28 20:00:00,327.57131203460165
2012-09-28 21:00:00,238.16077993367378
2012-09-28 22:00:00,209.97548205435484
2012-09-28 23:00:00,163.21327443698962
2012-09-29 00:00:00,141.35546902223152
2012-09-29 01:00:00,103.04872513371059
2012-09-29 02:00:00,68.34052802249029
2012-09-29 03:00:00,27.607399646609444
2012-09-29 04:00:00,11.715846482008947
2012-09-29 05:00:00,15.624354167392838
2012-09-29 06:00:00,32.16150959842242
2012-09-29 07:00:00,80.96493657775684
2012-09-29 08:00:00,193.58243163907898
2012-09-29 09:00:00,285.5759548581898
2012-09-29 10:00:00,421.8564520078236
2012-09-29 11:00:00,498.25784688167556
2012-09-29 12:00:00,645.6892012404381
2012-09-29 13:00:00,648.1559226878701
2012-09-29 14:00:00,645.0612709948163
2012-09-29 15:00:00,651.8628954530519
2012-09-29 16:00:00,660.4053736705923
2012-09-29 17:00:00,614.601087834976
2012-09-29 18:00:00,422.51884688087836
2012-09-29 19:00:00,335.373128107623
2012-09-29 20:00:00,260.6450404450643
2012-09-29 21:00:00,225.3289983150676
2012-09-29 22:00:00,211.15501399971953
2012-09-29 23:00:00,178.28827920327575
2012-09-30 00:00:00,132.1360179986999
2012-09-30 01:00:00,102.11820580402895
2012-09-30 02:00:00,70.12987318795393
2012-09-30 03:00:00,33.91139766065807
2012-09-30 04:00:00,11.417567048491948
2012-09-30 05:00:00,12.845771734464146
2012-09-30 06:00:00,22.537930352162018
2012-09-30 07:00:00,71.87548693012106
2012-09-30 08:00:00,108.93392657492988
2012-09-30 09:00:00,230.08427972631327
2012-09-30 10:00:00,416.4178678269834
2012-09-30 11:00:00,526.1307131210832
2012-09-30 12:00:00,619.2469097316772
2012-09-30 13:00:00,624.319625913947
2012-09-30 14:00:00,611.7697550739342
2012-09-30 15:00:00,641.3205689214777
2012-09-30 16:00:00,637.1863282675522
2012-09-30 17:00:00,552.8879853429667
2012-09-30 18:00:00,366.34533724485203
2012-09-30 19:00:00,169.6505324416722
2012-09-30 20:00:00,112.91154840133933
2012-09-30 21:00:00,193.1473905783604
2012-09-30 22:00:00,142.90353625613292
2012-09-30 23:00:00,83.39219435812836
2012-10-20 00:00:00,149.5982539124304
2012-10-20 01:00:00,106.87335529759305
2012-10-20 02:00:00,75.27378520348158
2012-10-20 03:00:00,34.30219494343772
2012-10-20 04:00:00,11.891990397789005
2012-10-20 05:00:00,15.45944980482457
2012-10-20 06:00:00,29.21591695833122
2012-10-20 07:00:00,82.78613748004753
2012-10-20 08:00:00,155.31570165220387
2012-10-20 09:00:00,268.06101343125914
2012-10-20 10:00:00,420.59601847717454
2012-10-20 11:00:00,498.59866149954337
2012-10-20 12:00:00,645.0979408504566
2012-10-20 13:00:00,602.0036689535116
2012-10-20 14:00:00,611.6747546810623
2012-10-20 15:00:00,621.3161923634356
2012-10-20 16:00:00,578.7507961654073
2012-10-20 17:00:00,503.8690946016881
2012-10-20 18:00:00,437.9016716339109
2012-10-20 19:00:00,358.9582851471697
2012-10-20 20:00:00,278.3411595683003
2012-10-20 21:00:00,211.4098775567998
2012-10-20 22:00:00,212.22067934727767
2012-10-20 23:00:00,165.08207409240313
2012-10-21 00:00:00,162.46986075409407
2012-10-21 01:00:00,92.51947390515824
2012-10-21 02:00:00,76.13989773770487
2012-10-21 03:00:00,30.45717664968566
2012-10-21 04:00:00,12.155546178762798
2012-10-21 05:00:00,10.838570726584923
2012-10-21 06:00:00,19.293374663707777
2012-10-21 07:00:00,56.43456687788423
2012-10-21 08:00:00,106.64186881638688
2012-10-21 09:00:00,216.37192300233187
2012-10-21 10:00:00,387.3299625589656
2012-10-21 11:00:00,477.3388354251837
2012-10-21 12:00:00,609.2621126009425
2012-10-21 13:00:00,582.2003612911333
2012-10-21 14:00:00,524.363173632025
2012-10-21 15:00:00,548.8530763380707
2012-10-21 16:00:00,523.0744727571492
2012-10-21 17:00:00,466.6171258482978
2012-10-21 18:00:00,382.54150848846245
2012-10-21 19:00:00,276.3048129042765
2012-10-21 20:00:00,179.05930319145963
2012-10-21 21:00:00,159.0859040458702
2012-10-21 22:00:00,132.50296937441215
2012-10-21 23:00:00,78.49937550183303
2012-10-22 00:00:00,36.26256783597183
2012-10-22 01:00:00,17.12310543107533
2012-10-22 02:00:00,7.7243878487181075
2012-10-22 03:00:00,5.113925883336611
2012-10-22 04:00:00,6.758682162249539
2012-10-22 05:00:00,35.62739867347844
2012-10-22 06:00:00,152.29826556169053
2012-10-22 07:00:00,463.1401797787044
2012-10-22 08:00:00,658.6243601764081
2012-10-22 09:00:00,350.3380831175383
2012-10-22 10:00:00,187.69224508076937
2012-10-22 11:00:00,216.54399235350863
2012-10-22 12:00:00,280.97794556936395
2012-10-22 13:00:00,276.80092019618394
2012-10-22 14:00:00,245.88439075174713
2012-10-22 15:00:00,278.79455828164373
2012-10-22 16:00:00,467.8860228910364
2012-10-22 17:00:00,931.7626300009518
2012-10-22 18:00:00,745.0109220488016
2012-10-22 19:00:00,509.766713463446
2012-10-22 20:00:00,339.3943512372804
2012-10-22 21:00:00,232.2087823794111
2012-10-22 22:00:00,146.6427140310665
2012-10-22 23:00:00,94.06990782201608
2012-10-23 00:00:00,38.451745395656445
2012-10-23 01:00:00,17.033942952008157
2012-10-23 02:00:00,7.098807711460419
2012-10-23 03:00:00,6.357621710344389
2012-10-23 04:00:00,9.191186957224252
2012-10-23 05:00:00,43.121405417211854
2012-10-23 06:00:00,179.6506910413412
2012-10-23 07:00:00,482.3582939755178
2012-10-23 08:00:00,749.1196301240212
2012-10-23 09:00:00,375.7207587671041
2012-10-23 10:00:00,212.29552874383643
2012-10-23 11:00:00,267.85308408216576
2012-10-23 12:00:00,357.5105211783454
2012-10-23 13:00:00,345.9109149195662
2012-10-23 14:00:00,294.05634256692247
2012-10-23 15:00:00,318.5000401223571
2012-10-23 16:00:00,518.0719706399059
2012-10-23 17:00:00,1052.0350866730787
2012-10-23 18:00:00,1006.6124684068274
2012-10-23 19:00:00,683.3375829862612
2012-10-23 20:00:00,377.95955121771067
2012-10-23 21:00:00,288.4810341810235
2012-10-23 22:00:00,207.69632520775298
2012-10-23 23:00:00,133.8972070124153
2012-10-24 00:00:00,54.69589596069517
2012-10-24 01:00:00,17.993516168685087
2012-10-24 02:00:00,8.429490474733262
2012-10-24 03:00:00,7.331992554821293
2012-10-24 04:00:00,8.489030332052435
2012-10-24 05:00:00,44.31958725993038
2012-10-24 06:00:00,187.09746447653214
2012-10-24 07:00:00,521.8964940645392
2012-10-24 08:00:00,695.1789994738994
2012-10-24 09:00:00,362.86938053862565
2012-10-24 10:00:00,197.14585900648046
2012-10-24 11:00:00,233.23763284267392
2012-10-24 12:00:00,323.8575266725479
2012-10-24 13:00:00,313.7542186448405
2012-10-24 14:00:00,260.075738479168
2012-10-24 15:00:00,347.6073277442049
2012-10-24 16:00:00,490.506682011523
2012-10-24 17:00:00,907.2831237654738
2012-10-24 18:00:00,906.0980092717593
2012-10-24 19:00:00,665.1611670049537
2012-10-24 20:00:00,461.3342401003797
2012-10-24 21:00:00,359.9963183082883
2012-10-24 22:00:00,207.4390768028528
2012-10-24 23:00:00,118.48038391156857
2012-10-25 00:00:00,56.722871421104195
2012-10-25 01:00:00,22.38979704085925
2012-10-25 02:00:00,11.195157603776055
2012-10-25 03:00:00,6.378698462436413
2012-10-25 04:00:00,7.236080718954224
2012-10-25 05:00:00,37.69026644203456
2012-10-25 06:00:00,153.60562056037062
2012-10-25 07:00:00,440.74142427997384
2012-10-25 08:00:00,732.0174971308077
2012-10-25 09:00:00,343.3687974741939
2012-10-25 10:00:00,169.83726400044873
2012-10-25 11:00:00,177.19268628096606
2012-10-25 12:00:00,265.80888528623314
2012-10-25 13:00:00,247.43517279228817
2012-10-25 14:00:00,258.78665595560165
2012-10-25 15:00:00,281.48223951621924
2012-10-25 16:00:00,393.55807732083207
2012-10-25 17:00:00,746.0746347898132
2012-10-25 18:00:00,543.0232712770537
2012-10-25 19:00:00,402.68002077981595
2012-10-25 20:00:00,259.2495968483824
2012-10-25 21:00:00,186.3568315615699
2012-10-25 22:00:00,177.5424697567938
2012-10-25 23:00:00,110.5350818902153
2012-10-26 00:00:00,64.70780029212992
2012-10-26 01:00:00,30.411972373109478
2012-10-26 02:00:00,12.828084932425266
2012-10-26 03:00:00,7.885749750911028
2012-10-26 04:00:00,8.064413953025259
2012-10-26 05:00:00,33.69548997825565
2012-10-26 06:00:00,141.58736680740995
2012-10-26 07:00:00,384.0870941289276
2012-10-26 08:00:00,665.1257166577292
2012-10-26 09:00:00,364.81909676127555
2012-10-26 10:00:00,187.58926765790994
2012-10-26 11:00:00,279.7399975529741
2012-10-26 12:00:00,309.37486960716194
2012-10-26 13:00:00,314.38943289594465
2012-10-26 14:00:00,318.37093504986615
2012-10-26 15:00:00,354.4830886312724
2012-10-26 16:00:00,422.3123147142965
2012-10-26 17:00:00,583.9609048071779
2012-10-26 18:00:00,568.1083196337764
2012-10-26 19:00:00,332.3948457726211
2012-10-26 20:00:00,234.81146836971925
2012-10-26 21:00:00,201.73000604948854
2012-10-26 22:00:00,154.83542280790243
2012-10-26 23:00:00,178.3781331654654
2012-10-27 00:00:00,161.05921303575678
2012-10-27 01:00:00,97.82650451673135
2012-10-27 02:00:00,56.719833349566336
2012-10-27 03:00:00,34.56066714476754
2012-10-27 04:00:00,11.603252823487159
2012-10-27 05:00:00,12.1215006399237
2012-10-27 06:00:00,24.228656416737483
2012-10-27 07:00:00,84.15805574175812
2012-10-27 08:00:00,171.00630582368944
2012-10-27 09:00:00,265.9639982033426
2012-10-27 10:00:00,418.94706586425747
2012-10-27 11:00:00,544.0965513215058
2012-10-27 12:00:00,725.8862619712293
2012-10-27 13:00:00,678.806186375736
2012-10-27 14:00:00,656.7065463759573
2012-10-27 15:00:00,544.3447685389317
2012-10-27 16:00:00,553.8703710043368
2012-10-27 17:00:00,508.7003753043174
2012-10-27 18:00:00,438.83494186752654
2012-10-27 19:00:00,292.7857250125107
2012-10-27 20:00:00,221.16679887633748
2012-10-27 21:00:00,183.44010418391105
2012-10-27 22:00:00,145.99574977530588
2012-10-27 23:00:00,132.91225666116077
2012-10-28 00:00:00,67.4553628757807
2012-10-28 01:00:00,77.40732930944715
2012-10-28 02:00:00,55.960976975485494
2012-10-28 03:00:00,29.917092274612635
2012-10-28 04:00:00,13.68169157126417
2012-10-28 05:00:00,10.169147892549258
2012-10-28 06:00:00,17.328600700904918
2012-10-28 07:00:00,48.839966141507894
2012-10-28 08:00:00,136.61302644255863
2012-10-28 09:00:00,192.22742228611872
2012-10-28 10:00:00,344.0860168559945
2012-10-28 11:00:00,424.3292987694834
2012-10-28 12:00:00,515.7403130074458
2012-10-28 13:00:00,468.8098806457286
2012-10-28 14:00:00,464.7237591365792
2012-10-28 15:00:00,473.80069395857265
2012-10-28 16:00:00,329.10414697632666
2012-10-28 17:00:00,239.69470511851614
2012-10-28 18:00:00,101.65877381483685
2012-10-28 19:00:00,106.24416470946589
2012-10-28 20:00:00,55.64826901111222
2012-10-28 21:00:00,95.06009749409904
2012-10-28 22:00:00,52.39052834384086
2012-10-28 23:00:00,44.95954350048181
2012-10-29 00:00:00,25.461878742473655
2012-10-30 13:00:00,87.39337687558337
2012-10-30 14:00:00,84.64988113928969
2012-10-30 15:00:00,84.78229754725862
2012-10-30 16:00:00,128.11803720146455
2012-10-30 17:00:00,258.59424843423386
2012-10-30 18:00:00,319.91653542486256
2012-10-30 19:00:00,504.72777370093746
2012-10-30 20:00:00,201.1773349492738
2012-10-30 21:00:00,150.96781832710914
2012-10-30 22:00:00,125.99138932900907
2012-10-30 23:00:00,73.972577980453
2012-10-31 00:00:00,35.862253119686386
2012-10-31 01:00:00,16.1323187082011
2012-10-31 02:00:00,7.6837519211034655
2012-10-31 03:00:00,6.02836773491215
2012-10-31 04:00:00,7.122986762648006
2012-10-31 05:00:00,36.7859372791421
2012-10-31 06:00:00,164.61945876087958
2012-10-31 07:00:00,416.5430387033756
2012-10-31 08:00:00,706.424317314008
2012-10-31 09:00:00,359.96610403050386
2012-10-31 10:00:00,176.7294642363062
2012-10-31 11:00:00,188.207603129943
2012-10-31 12:00:00,256.53559689971684
2012-10-31 13:00:00,256.62265823436803
2012-10-31 14:00:00,230.4586995221089
2012-10-31 15:00:00,272.4215563031564
2012-10-31 16:00:00,381.5969495694543
2012-10-31 17:00:00,681.4356797876547
2012-10-31 18:00:00,632.7802919551443
2012-10-31 19:00:00,475.84804042823345
2012-10-31 20:00:00,332.41692721596286
2012-10-31 21:00:00,245.90150541791448
2012-10-31 22:00:00,156.87930210191317
2012-10-31 23:00:00,98.89031728781829
2012-11-20 00:00:00,27.123804023760037
2012-11-20 01:00:00,12.357089324902054
2012-11-20 02:00:00,6.7129397835046785
2012-11-20 03:00:00,5.124808666432943
2012-11-20 04:00:00,8.223858324110315
2012-11-20 05:00:00,35.277396333567204
2012-11-20 06:00:00,158.657025961697
2012-11-20 07:00:00,437.01137489240756
2012-11-20 08:00:00,731.0568186545787
2012-11-20 09:00:00,371.51640261360313
2012-11-20 10:00:00,174.00758859219133
2012-11-20 11:00:00,180.57798926602362
2012-11-20 12:00:00,215.0929213209116
2012-11-20 13:00:00,229.2734149054706
2012-11-20 14:00:00,216.44955225512643
2012-11-20 15:00:00,262.0569896222706
2012-11-20 16:00:00,349.08984598890254
2012-11-20 17:00:00,670.6953913817808
2012-11-20 18:00:00,608.0154099451673
2012-11-20 19:00:00,438.7734377601206
2012-11-20 20:00:00,272.55850719140386
2012-11-20 21:00:00,219.68417615657089
2012-11-20 22:00:00,171.3982034370927
2012-11-20 23:00:00,79.72034599585899
2012-11-21 00:00:00,36.26104219505251
2012-11-21 01:00:00,15.77671518405848
2012-11-21 02:00:00,7.655212614008272
2012-11-21 03:00:00,6.706992292419558
2012-11-21 04:00:00,7.582680909111756
2012-11-21 05:00:00,39.8865606426524
2012-11-21 06:00:00,164.5575573566808
2012-11-21 07:00:00,458.5522491216012
2012-11-21 08:00:00,693.8344345011578
2012-11-21 09:00:00,353.37467141254484
2012-11-21 10:00:00,177.37205398792696
2012-11-21 11:00:00,218.12091256592922
2012-11-21 12:00:00,271.1300100255146
2012-11-21 13:00:00,257.3186398723165
2012-11-21 14:00:00,245.46681856392982
2012-11-21 15:00:00,281.04930986074834
2012-11-21 16:00:00,393.6980621095259
2012-11-21 17:00:00,790.0084579164356
2012-11-21 18:00:00,673.6276662446055
2012-11-21 19:00:00,451.86630127674607
2012-11-21 20:00:00,271.8599963650813
2012-11-21 21:00:00,212.54515987302523
2012-11-21 22:00:00,165.2733618449229
2012-11-21 23:00:00,94.1088143062896
2012-11-22 00:00:00,72.82576019961564
2012-11-22 01:00:00,35.289507624275565
2012-11-22 02:00:00,21.57302845417888
2012-11-22 03:00:00,12.630036534424148
2012-11-22 04:00:00,9.016813527198133
2012-11-22 05:00:00,17.633151158151406
2012-11-22 06:00:00,41.517542662905406
2012-11-22 07:00:00,113.92677581644459
2012-11-22 08:00:00,217.6242401560403
2012-11-22 09:00:00,220.1971014519364
2012-11-22 10:00:00,307.6326881821689
2012-11-22 11:00:00,389.1477110776894
2012-11-22 12:00:00,454.57889165524824
2012-11-22 13:00:00,473.81636977389
2012-11-22 14:00:00,413.6583944777914
2012-11-22 15:00:00,418.7559220361406
2012-11-22 16:00:00,478.23705708912865
2012-11-22 17:00:00,502.9074413821877
2012-11-22 18:00:00,477.9530216814511
2012-11-22 19:00:00,277.64382350353134
2012-11-22 20:00:00,261.18888566378405
2012-11-22 21:00:00,187.24990823031257
2012-11-22 22:00:00,148.57080842755352
2012-11-22 23:00:00,113.23454439231642
2012-11-23 00:00:00,48.763039663848964
2012-11-23 01:00:00,29.30448390442747
2012-11-23 02:00:00,12.926517133192126
2012-11-23 03:00:00,7.21861335572532
2012-11-23 04:00:00,7.645179513496398
2012-11-23 05:00:00,36.82322805292527
2012-11-23 06:00:00,148.55347342272665
2012-11-23 07:00:00,377.36691507513723
2012-11-23 08:00:00,660.6558847035209
2012-11-23 09:00:00,353.29389240935495
2012-11-23 10:00:00,190.34398617691366
2012-11-23 11:00:00,267.49014018373634
2012-11-23 12:00:00,335.7536265235378
2012-11-23 13:00:00,318.6130557588633
2012-11-23 14:00:00,313.91226519420684
2012-11-23 15:00:00,327.45214386857344
2012-11-23 16:00:00,422.02301390480716
2012-11-23 17:00:00,737.0745310949957
2012-11-23 18:00:00,548.56631873218
2012-11-23 19:00:00,390.96344558422305
2012-11-23 20:00:00,310.01391530843546
2012-11-23 21:00:00,226.7571917411209
2012-11-23 22:00:00,158.0216894101945
2012-11-23 23:00:00,168.34707171571085
2012-11-24 00:00:00,120.42746104345511
2012-11-24 01:00:00,70.05539203791419
2012-11-24 02:00:00,37.12916281698525
2012-11-24 03:00:00,19.141271646792344
2012-11-24 04:00:00,7.9494356023371004
2012-11-24 05:00:00,9.695896573270414
2012-11-24 06:00:00,24.418115059770532
2012-11-24 07:00:00,56.58393780608519
2012-11-24 08:00:00,130.34930578115745
2012-11-24 09:00:00,215.1280345014198
2012-11-24 10:00:00,336.27553423106275
2012-11-24 11:00:00,368.19768216693035
2012-11-24 12:00:00,392.58932073353816
2012-11-24 13:00:00,457.1346731451708
2012-11-24 14:00:00,435.0436267093993
2012-11-24 15:00:00,419.9149672886648
2012-11-24 16:00:00,379.29985440340647
2012-11-24 17:00:00,362.18253419498404
2012-11-24 18:00:00,281.3105146851378
2012-11-24 19:00:00,229.64302419116345
2012-11-24 20:00:00,169.9956233659717
2012-11-24 21:00:00,139.60127454194685
2012-11-24 22:00:00,123.39887699691768
2012-11-24 23:00:00,117.43582177585256
2012-11-25 00:00:00,98.7592449373831
2012-11-25 01:00:00,99.19294410126616
2012-11-25 02:00:00,65.84420458882406
2012-11-25 03:00:00,31.241795192836364
2012-11-25 04:00:00,13.485235092456806
2012-11-25 05:00:00,8.901059416481031
2012-11-25 06:00:00,13.752984028864782
2012-11-25 07:00:00,36.68956334290281
2012-11-25 08:00:00,87.29650942038488
2012-11-25 09:00:00,166.47417637029437
2012-11-25 10:00:00,305.091094864776
2012-11-25 11:00:00,336.53151797625316
2012-11-25 12:00:00,400.2478113917825
2012-11-25 13:00:00,407.5658513649418
2012-11-25 14:00:00,391.6796479220347
2012-11-25 15:00:00,401.86683282653723
2012-11-25 16:00:00,385.33741685632623
2012-11-25 17:00:00,318.66700229682124
2012-11-25 18:00:00,250.2243219821392
2012-11-25 19:00:00,209.55821165007737
2012-11-25 20:00:00,150.48524717419212
2012-11-25 21:00:00,103.4958461128776
2012-11-25 22:00:00,100.025699296718
2012-11-25 23:00:00,55.95837435424207
2012-11-26 00:00:00,25.45931551547987
2012-11-26 01:00:00,11.009635471694665
2012-11-26 02:00:00,5.558938074127187
2012-11-26 03:00:00,4.673133609886839
2012-11-26 04:00:00,7.307924075972815
2012-11-26 05:00:00,33.74059639688162
2012-11-26 06:00:00,145.85097897134042
2012-11-26 07:00:00,359.55408930891923
2012-11-26 08:00:00,570.7278389541177
2012-11-26 09:00:00,320.7579046582954
2012-11-26 10:00:00,177.2762630757105
2012-11-26 11:00:00,213.1185889691402
2012-11-26 12:00:00,264.9013627533644
2012-11-26 13:00:00,258.0580599412001
2012-11-26 14:00:00,246.89271508951813
2012-11-26 15:00:00,260.54163666111856
2012-11-26 16:00:00,373.0479583438997
2012-11-26 17:00:00,796.2913615949494
2012-11-26 18:00:00,538.6291362936191
2012-11-26 19:00:00,400.1166625720625
2012-11-26 20:00:00,282.34378874711643
2012-11-26 21:00:00,198.99095475029554
2012-11-26 22:00:00,131.35390222028042
2012-11-26 23:00:00,73.77171408557032
2012-11-27 00:00:00,27.59882434999913
2012-11-27 01:00:00,12.847035254694719
2012-11-27 02:00:00,6.326839422422912
2012-11-27 03:00:00,3.7516767540253277
2012-11-27 04:00:00,5.803940495194096
2012-11-27 05:00:00,32.80887583216532
2012-11-27 06:00:00,147.98580550558947
2012-11-27 07:00:00,222.272112339549
2012-11-27 08:00:00,363.16418934124715
2012-11-27 09:00:00,329.93812674815655
2012-11-27 10:00:00,74.26675957028944
2012-11-27 11:00:00,69.07321412906066
2012-11-27 12:00:00,97.27472238722908
2012-11-27 13:00:00,77.42966404148468
2012-11-27 14:00:00,84.42748775053906
2012-11-27 15:00:00,173.52807354680823
2012-11-27 16:00:00,250.23544242073478
2012-11-27 17:00:00,473.5365213199529
2012-11-27 18:00:00,347.6422236387086
2012-11-27 19:00:00,384.68172241747357
2012-11-27 20:00:00,220.8688423272366
2012-11-27 21:00:00,140.14056912062165
2012-11-27 22:00:00,129.50836465326722
2012-11-27 23:00:00,62.62504796623315
2012-11-28 00:00:00,43.635749991818805
2012-11-28 01:00:00,17.6275481663102
2012-11-28 02:00:00,8.69498456992383
2012-11-28 03:00:00,5.94549523185659
2012-11-28 04:00:00,7.1868188626363
2012-11-28 05:00:00,33.36071646823076
2012-11-28 06:00:00,141.64044457962464
2012-11-28 07:00:00,449.44228407828564
2012-11-28 08:00:00,660.0702305643691
2012-11-28 09:00:00,346.2888983160628
2012-11-28 10:00:00,175.45524546333442
2012-11-28 11:00:00,199.7814465432167
2012-11-28 12:00:00,220.69976205918357
2012-11-28 13:00:00,231.39601261634922
2012-11-28 14:00:00,187.59907472827572
2012-11-28 15:00:00,204.8629982600986
2012-11-28 16:00:00,287.4054136683562
2012-11-28 17:00:00,616.2491663678119
2012-11-28 18:00:00,532.914704363721
2012-11-28 19:00:00,385.8184044911508
2012-11-28 20:00:00,282.2657431401628
2012-11-28 21:00:00,218.13006569678623
2012-11-28 22:00:00,148.77483179109754
2012-11-28 23:00:00,82.58310410146657
2012-11-29 00:00:00,49.15298556834115
2012-11-29 01:00:00,17.516778579847166
2012-11-29 02:00:00,7.175887185719065
2012-11-29 04:00:00,6.939095405440171
2012-11-29 05:00:00,35.29047280699306
2012-11-29 06:00:00,153.78632978537706
2012-11-29 07:00:00,410.7194770037222
2012-11-29 08:00:00,690.8689841376367
2012-11-29 09:00:00,339.2390921109896
2012-11-29 10:00:00,159.49242218685708
2012-11-29 11:00:00,194.37698496959263
2012-11-29 12:00:00,232.01714893818118
2012-11-29 13:00:00,271.2572786482461
2012-11-29 14:00:00,197.7273461152386
2012-11-29 15:00:00,215.35490649007122
2012-11-29 16:00:00,302.6049049631602
2012-11-29 17:00:00,628.2639305912301
2012-11-29 18:00:00,534.8858895561101
2012-11-29 19:00:00,365.9008268549589
2012-11-29 20:00:00,269.47080142895527
2012-11-29 21:00:00,173.33483422389983
2012-11-29 22:00:00,163.32341399110103
2012-11-29 23:00:00,115.93985021923932
2012-11-30 00:00:00,58.78329908677026
2012-11-30 01:00:00,28.157279661980958
2012-11-30 02:00:00,11.703879949002523
2012-11-30 03:00:00,7.057629221986434
2012-11-30 04:00:00,7.338058864013954
2012-11-30 05:00:00,31.524022451118707
2012-11-30 06:00:00,140.10538067919816
2012-11-30 07:00:00,337.7086177570249
2012-11-30 08:00:00,598.1469904781436
2012-11-30 09:00:00,348.5834111020072
2012-11-30 10:00:00,159.68070429657607
2012-11-30 11:00:00,223.84338571743848
2012-11-30 12:00:00,330.4922442646266
2012-11-30 13:00:00,332.65962885016484
2012-11-30 14:00:00,290.94861146976103
2012-11-30 15:00:00,308.9404445594489
2012-11-30 16:00:00,470.36653082392473
2012-11-30 17:00:00,528.906100381288
2012-11-30 18:00:00,417.85946385430424
2012-11-30 19:00:00,331.8266178253643
2012-11-30 20:00:00,241.0712724564187
2012-11-30 21:00:00,173.5580668993722
2012-11-30 22:00:00,157.9499169591077
2012-11-30 23:00:00,106.77285061433841
2012-12-20 00:00:00,45.13963701125365
2012-12-20 01:00:00,16.06169118727975
2012-12-20 02:00:00,7.586398582470061
2012-12-20 03:00:00,5.533886490418235
2012-12-20 04:00:00,6.463038944186302
2012-12-20 05:00:00,31.835360510397898
2012-12-20 06:00:00,121.38555946558749
2012-12-20 07:00:00,430.99302582036916
2012-12-20 08:00:00,701.378891908785
2012-12-20 09:00:00,352.9197523258566
2012-12-20 10:00:00,165.20408629035907
2012-12-20 11:00:00,197.52045514952903
2012-12-20 12:00:00,239.22260276916717
2012-12-20 13:00:00,226.59385116137955
2012-12-20 14:00:00,201.42525927434775
2012-12-20 15:00:00,221.65558457906334
2012-12-20 16:00:00,302.18545788280466
2012-12-20 17:00:00,604.3893977252902
2012-12-20 18:00:00,542.5354085712828
2012-12-20 19:00:00,213.36953382929593
2012-12-20 20:00:00,166.65189402247825
2012-12-20 21:00:00,115.91431551797154
2012-12-20 22:00:00,64.68017420530555
2012-12-20 23:00:00,51.87166617280564
2012-12-21 00:00:00,17.742328173319017
2012-12-21 01:00:00,9.550090102378052
2012-12-21 02:00:00,4.8267911028483335
2012-12-21 03:00:00,2.862684341518792
2012-12-21 04:00:00,4.5865994740544185
2012-12-21 05:00:00,18.903862901868344
2012-12-21 06:00:00,98.74330858226301
2012-12-21 07:00:00,255.21518987092327
2012-12-21 08:00:00,548.4830500112377
2012-12-21 09:00:00,292.30089588265645
2012-12-21 10:00:00,140.22479034508808
2012-12-21 11:00:00,155.73684195883638
2012-12-21 12:00:00,189.7517792558194
2012-12-21 13:00:00,178.24734780019466
2012-12-21 14:00:00,149.9463341030846
2012-12-21 15:00:00,175.16951469966003
2012-12-21 16:00:00,223.82358009583962
2012-12-21 17:00:00,378.7356111568959
2012-12-21 18:00:00,309.6080739767839
2012-12-21 19:00:00,216.27005182673759
2012-12-21 20:00:00,143.00220687830222
2012-12-21 21:00:00,122.86463414675129
2012-12-21 22:00:00,89.14834908750778
2012-12-21 23:00:00,75.35635678010398
2012-12-22 00:00:00,80.93755211262088
2012-12-22 01:00:00,45.29683684824446
2012-12-22 02:00:00,40.45625365987337
2012-12-22 03:00:00,19.710642746756587
2012-12-22 04:00:00,6.327825993387049
2012-12-22 05:00:00,6.644206653593919
2012-12-22 06:00:00,13.56713502073593
2012-12-22 07:00:00,38.21401803827018
2012-12-22 08:00:00,102.4931769951381
2012-12-22 09:00:00,153.93499411884633
2012-12-22 10:00:00,225.6811265232176
2012-12-22 11:00:00,255.18328400941962
2012-12-22 12:00:00,233.67128876627535
2012-12-22 13:00:00,298.67393392706845
2012-12-22 14:00:00,275.3123404484587
2012-12-22 15:00:00,256.8364318283722
2012-12-22 16:00:00,256.97338832932166
2012-12-22 17:00:00,218.52199824845223
2012-12-22 18:00:00,184.6382608081942
2012-12-22 19:00:00,170.09244487547346
2012-12-22 20:00:00,121.08031607722833
2012-12-22 21:00:00,99.79827490313134
2012-12-22 22:00:00,86.83629699230454
2012-12-22 23:00:00,78.48203229976397
2012-12-23 00:00:00,64.04066094081514
2012-12-23 01:00:00,59.488266486120445
2012-12-23 02:00:00,47.9012769196608
2012-12-23 03:00:00,24.468253684334048
2012-12-23 04:00:00,7.8376798992545895
2012-12-23 05:00:00,5.3884236916465404
2012-12-23 06:00:00,8.007027588888507
2012-12-23 07:00:00,22.834271681888136
2012-12-23 08:00:00,52.676520328746314
2012-12-23 09:00:00,106.81562041353558
2012-12-23 10:00:00,180.5852213761469
2012-12-23 11:00:00,203.31344279859596
2012-12-23 12:00:00,259.73037428418087
2012-12-23 13:00:00,262.4460449718183
2012-12-23 14:00:00,318.6297199203443
2012-12-23 15:00:00,283.60292479888636
2012-12-23 16:00:00,240.7788178102875
2012-12-23 17:00:00,195.71146868348362
2012-12-23 18:00:00,177.90013120066052
2012-12-23 19:00:00,131.75954958807162
2012-12-23 20:00:00,92.95093091533873
2012-12-23 21:00:00,90.79454976925751
2012-12-23 22:00:00,66.33659133455646
2012-12-23 23:00:00,41.863043769588394
2012-12-24 00:00:00,16.45028040782264
2012-12-24 01:00:00,7.718596793641735
2012-12-24 02:00:00,4.492170490499048
2012-12-24 03:00:00,3.645795601095995
2012-12-24 05:00:00,16.379867132759216
2012-12-24 06:00:00,71.00710386367402
2012-12-24 07:00:00,242.15776067874717
2012-12-24 08:00:00,435.4514007937065
2012-12-24 09:00:00,204.2568534304882
2012-12-24 10:00:00,85.78525180624281
2012-12-24 11:00:00,125.13064439833502
2012-12-24 12:00:00,132.32269727976225
2012-12-24 13:00:00,63.184359608963966
2012-12-24 14:00:00,45.54743890070123
2012-12-24 15:00:00,41.14815084543007
2012-12-24 16:00:00,60.18363431796183
2012-12-24 17:00:00,192.73929523442814
2012-12-24 18:00:00,188.60518250076132
2012-12-24 19:00:00,199.86143104666039
2012-12-24 20:00:00,102.63472732256281
2012-12-24 21:00:00,64.82821630058332
2012-12-24 22:00:00,57.526822146754135
2012-12-24 23:00:00,28.104246657087224
2012-12-25 00:00:00,13.31826295995891
2012-12-25 01:00:00,23.049435465457766
2012-12-25 02:00:00,14.377683190821019
2012-12-25 04:00:00,4.455474563460501
2012-12-25 05:00:00,7.261489919672652
2012-12-25 06:00:00,17.120116762771055
2012-12-25 07:00:00,53.242344636997245
2012-12-25 08:00:00,114.96841223331126
2012-12-25 09:00:00,127.16518508194066
2012-12-25 10:00:00,144.82158447671299
2012-12-25 11:00:00,126.31091057280082
2012-12-25 12:00:00,139.53882390549552
2012-12-25 13:00:00,213.5666247322891
2012-12-25 14:00:00,191.70179915246095
2012-12-25 15:00:00,148.19171587462117
2012-12-25 16:00:00,165.78696528669454
2012-12-25 17:00:00,242.85388627347461
2012-12-25 18:00:00,199.34901602027054
2012-12-25 19:00:00,171.5796227744654
2012-12-25 20:00:00,111.99532861772909
2012-12-25 21:00:00,89.26079497789044
2012-12-25 22:00:00,67.70643805180318
2012-12-25 23:00:00,36.29702163750036
2012-12-26 00:00:00,19.620506797188586
2012-12-26 01:00:00,7.477528124976467
2012-12-26 02:00:00,4.597683002670432
2012-12-26 03:00:00,3.630693410941995
2012-12-26 04:00:00,3.059805911113776
2012-12-26 05:00:00,17.863200252771072
2012-12-26 06:00:00,80.5425789789951
2012-12-26 07:00:00,25.985538239268518
2012-12-26 08:00:00,48.0824269871799
2012-12-26 09:00:00,24.2946100550989
2012-12-26 10:00:00,38.20898479002175
2012-12-26 11:00:00,6.422020139343114
2012-12-26 12:00:00,39.520634873591234
2012-12-26 13:00:00,37.24742640636468
2012-12-26 14:00:00,38.85706861003837
2012-12-26 15:00:00,41.858399821247154
2012-12-26 16:00:00,57.9773645935391
2012-12-26 17:00:00,117.71432655461021
2012-12-26 18:00:00,118.53778534581618
2012-12-26 19:00:00,114.58768189244302
2012-12-26 20:00:00,55.49316457150149
2012-12-26 21:00:00,99.28701490807248
2012-12-26 22:00:00,28.147000236128598
2012-12-26 23:00:00,16.683102183932306
2012-12-27 00:00:00,13.432500379564038
2012-12-27 01:00:00,3.0491697018033617
2012-12-27 02:00:00,3.961975804107529
2012-12-27 03:00:00,3.8192553714125266
2012-12-27 04:00:00,3.357832009153086
2012-12-27 05:00:00,20.186450305933484
2012-12-27 06:00:00,81.8205603123978
2012-12-27 07:00:00,269.03189872527844
2012-12-27 08:00:00,508.05610666952344
2012-12-27 09:00:00,274.15436739528064
2012-12-27 10:00:00,141.31625671859302
2012-12-27 11:00:00,123.96551093633472
2012-12-27 12:00:00,153.86308212651934
2012-12-27 13:00:00,148.69583672039593
2012-12-27 14:00:00,124.92074125569266
2012-12-27 15:00:00,134.97596448359045
2012-12-27 16:00:00,181.48091669498186
2012-12-27 17:00:00,364.7643804478443
2012-12-27 18:00:00,364.4572365811642
2012-12-27 19:00:00,262.5387635670285
2012-12-27 20:00:00,192.4834497304028
2012-12-27 21:00:00,127.57494823848329
2012-12-27 22:00:00,94.33803196557952
2012-12-27 23:00:00,65.12809214347216
2012-12-28 00:00:00,34.01469220144343
2012-12-28 01:00:00,16.315646664627163
2012-12-28 02:00:00,9.181931647982847
2012-12-28 03:00:00,5.364282049964329
2012-12-28 04:00:00,5.107227197833882
2012-12-28 05:00:00,19.22579213346491
2012-12-28 06:00:00,80.23973778781074
2012-12-28 07:00:00,214.27355805790313
2012-12-28 08:00:00,500.5477191081077
2012-12-28 09:00:00,272.73530491103804
2012-12-28 10:00:00,127.5350978608212
2012-12-28 11:00:00,142.22262531762144
2012-12-28 12:00:00,181.4345429469134
2012-12-28 13:00:00,172.19086481928514
2012-12-28 14:00:00,151.51546065070838
2012-12-28 15:00:00,156.64671065766478
2012-12-28 16:00:00,218.2702191380029
2012-12-28 17:00:00,368.7078079878229
2012-12-28 18:00:00,324.0912244273661
2012-12-28 19:00:00,217.80638273713254
2012-12-28 20:00:00,130.03053765187758
2012-12-28 21:00:00,105.95385823358923
2012-12-28 22:00:00,93.00367946116631
2012-12-28 23:00:00,68.0797442069237
2012-12-29 00:00:00,56.2882869307428
2012-12-29 01:00:00,42.54312526490438
2012-12-29 02:00:00,32.34040711706535
2012-12-29 03:00:00,12.999413709118217
2012-12-29 04:00:00,5.239507597843549
2012-12-29 05:00:00,5.3968314370766555
2012-12-29 06:00:00,10.933577871143557
2012-12-29 07:00:00,31.55684654674661
2012-12-29 08:00:00,85.34322559953766
2012-12-29 09:00:00,138.22065495403254
2012-12-29 10:00:00,126.74950746909167
2012-12-29 11:00:00,118.14325913844814
2012-12-29 12:00:00,137.21841712934275
2012-12-29 13:00:00,152.72488995989443
2012-12-29 14:00:00,183.68573246864761
2012-12-29 15:00:00,185.53143364618037
2012-12-29 16:00:00,195.67986494017208
2012-12-29 17:00:00,196.52261124222508
2012-12-29 18:00:00,191.85630938551975
2012-12-29 19:00:00,153.11090486483602
2012-12-29 20:00:00,110.30753919309966
2012-12-29 21:00:00,99.48340523653525
2012-12-29 22:00:00,83.47572639794691
2012-12-29 23:00:00,76.65874985903469
2012-12-30 00:00:00,76.34484137079936
2012-12-30 01:00:00,60.05147371799894
2012-12-30 02:00:00,43.68269868012493
2012-12-30 03:00:00,20.322746667939512
2012-12-30 04:00:00,6.336028112304798
2012-12-30 05:00:00,4.662510844510141
2012-12-30 06:00:00,5.514016311593289
2012-12-30 07:00:00,23.292414054984352
2012-12-30 08:00:00,46.872886371705775
2012-12-30 09:00:00,112.1154980648711
2012-12-30 10:00:00,194.08170007799455
2012-12-30 11:00:00,232.41278678306486
2012-12-30 12:00:00,267.1885660618192
2012-12-30 13:00:00,222.52765376299917
2012-12-30 14:00:00,261.33356387193805
2012-12-30 15:00:00,232.6689896759401
2012-12-30 16:00:00,210.35366503480734
2012-12-30 17:00:00,205.36184832551874
2012-12-30 18:00:00,142.79395120770604
2012-12-30 19:00:00,128.94567373274188
2012-12-30 20:00:00,66.49442557712428
2012-12-30 21:00:00,68.65394924849336
2012-12-30 22:00:00,46.932755378320586
2012-12-30 23:00:00,28.161751645012036
2012-12-31 00:00:00,12.786755249565882
2012-12-31 01:00:00,5.696563375969682
2012-12-31 02:00:00,4.194538723548245
2012-12-31 03:00:00,3.6648121091622747
2012-12-31 04:00:00,3.839415937571478
2012-12-31 05:00:00,14.81580987274005
2012-12-31 06:00:00,71.81704271929922
2012-12-31 07:00:00,231.37567536685862
2012-12-31 08:00:00,436.41821489743467
2012-12-31 09:00:00,211.22145015519175
2012-12-31 10:00:00,108.35793827065032
2012-12-31 11:00:00,126.59826313302639
2012-12-31 12:00:00,149.29617612159487
2012-12-31 13:00:00,145.0352156474389
2012-12-31 14:00:00,127.27909358358033
2012-12-31 15:00:00,143.89420636308986
2012-12-31 16:00:00,184.89379004445914
2012-12-31 17:00:00,330.3749512119181
2012-12-31 18:00:00,352.6607531616538
2012-12-31 19:00:00,278.5515812925179
2012-12-31 20:00:00,184.69108543932333
2012-12-31 21:00:00,124.79582324559422
2012-12-31 22:00:00,83.09168290476438
2012-12-31 23:00:00,40.026642538419175
